date,open,high,low,close,volume
2022-08-01 03:00:00+00:00,1.0003,1.0003,1.0002,1.0003,423287.709201
2022-08-01 04:00:00+00:00,1.0003,1.0003,1.0002,1.0003,1470168.645794
2022-08-01 05:00:00+00:00,1.0003,1.0003,1.0002,1.0003,631036.202017
2022-08-01 06:00:00+00:00,1.0003,1.0003,1.0002,1.0003,2463168.905176
2022-08-01 07:00:00+00:00,1.0003,1.0003,1.0002,1.0003,3802538.091921
2022-08-01 08:00:00+00:00,1.0003,1.0003,1.0002,1.0003,1853937.345004
2022-08-01 09:00:00+00:00,1.0003,1.0003,1.0002,1.0003,1013650.320449
2022-08-01 10:00:00+00:00,1.0003,1.0003,1.0002,1.0003,3370436.088877
2022-08-01 11:00:00+00:00,1.0003,1.0003,1.0002,1.0003,2391048.122943
2022-08-01 12:00:00+00:00,1.0003,1.0003,1.0002,1.0003,2401858.479736
2022-08-01 13:00:00+00:00,1.0003,1.0003,1.0002,1.0003,1972482.307807
2022-08-01 14:00:00+00:00,1.0003,1.0003,1.0002,1.0002,1538200.641167
2022-08-01 15:00:00+00:00,1.0002,1.0003,1.0002,1.0003,2489229.838947
2022-08-01 16:00:00+00:00,1.0003,1.0003,1.0002,1.0003,898266.195407
2022-08-01 17:00:00+00:00,1.0003,1.0003,1.0002,1.0003,1255708.265892
2022-08-01 18:00:00+00:00,1.0003,1.0003,1.0002,1.0003,1984049.670799
2022-08-01 19:00:00+00:00,1.0003,1.0003,1.0002,1.0002,1268514.718055
2022-08-01 20:00:00+00:00,1.0003,1.0003,1.0002,1.0003,5749572.547532
2022-08-01 21:00:00+00:00,1.0003,1.0003,1.0002,1.0003,533652.61011
2022-08-01 22:00:00+00:00,1.0003,1.0003,1.0002,1.0003,772950.694091
2022-08-01 23:00:00+00:00,1.0003,1.0003,1.0002,1.0003,996100.614916
2022-08-02 00:00:00+00:00,1.0003,1.0003,1.0002,1.0003,306306.262755
2022-08-02 01:00:00+00:00,1.0003,1.0003,1.0002,1.0003,358746.682589
2022-08-02 02:00:00+00:00,1.0003,1.0003,1.0002,1.0003,1212696.322628
2022-08-02 03:00:00+00:00,1.0003,1.0003,1.0002,1.0003,2248456.993374
2022-08-02 04:00:00+00:00,1.0003,1.0003,1.0002,1.0003,2167866.866291
2022-08-02 05:00:00+00:00,1.0003,1.0003,1.0002,1.0003,1203132.695802
2022-08-02 06:00:00+00:00,1.0003,1.0003,1.0002,1.0003,2191646.383012
2022-08-02 07:00:00+00:00,1.0003,1.0003,1.0002,1.0003,2385653.795051
2022-08-02 08:00:00+00:00,1.0003,1.0003,1.0002,1.0003,11476668.868078
2022-08-02 09:00:00+00:00,1.0003,1.0003,1.0002,1.0003,3351877.391889
2022-08-02 10:00:00+00:00,1.0003,1.0003,1.0002,1.0003,1889809.830164
2022-08-02 11:00:00+00:00,1.0003,1.0003,1.0002,1.0003,2657435.330106
2022-08-02 12:00:00+00:00,1.0003,1.0003,1.0002,1.0003,1323392.771751
2022-08-02 13:00:00+00:00,1.0002,1.0003,1.0002,1.0003,2551037.31569
2022-08-02 14:00:00+00:00,1.0003,1.0003,1.0002,1.0003,3576545.504457
2022-08-02 15:00:00+00:00,1.0003,1.0003,1.0002,1.0003,3410499.544067
2022-08-02 16:00:00+00:00,1.0003,1.0003,1.0002,1.0003,6837840.161299
2022-08-02 17:00:00+00:00,1.0003,1.0003,1.0002,1.0002,1075080.15822
2022-08-02 18:00:00+00:00,1.0002,1.0003,1.0002,1.0002,2531223.762847
2022-08-02 19:00:00+00:00,1.0003,1.0003,1.0002,1.0003,1470317.710064
2022-08-02 20:00:00+00:00,1.0003,1.0003,1.0002,1.0003,244765.859115
2022-08-02 21:00:00+00:00,1.0003,1.0003,1.0002,1.0003,484808.944407
2022-08-02 22:00:00+00:00,1.0003,1.0003,1.0002,1.0003,452028.141961
2022-08-02 23:00:00+00:00,1.0003,1.0003,1.0002,1.0003,523057.652822
2022-08-03 00:00:00+00:00,1.0003,1.0003,1.0002,1.0003,4417530.918418
2022-08-03 01:00:00+00:00,1.0003,1.0003,1.0002,1.0002,743617.938182
2022-08-03 02:00:00+00:00,1.0002,1.0003,1.0002,1.0003,1132255.699488
2022-08-03 03:00:00+00:00,1.0003,1.0003,1.0002,1.0002,692140.852357
2022-08-03 04:00:00+00:00,1.0002,1.0003,1.0002,1.0003,1024572.789789
2022-08-03 05:00:00+00:00,1.0003,1.0003,1.0002,1.0003,1690408.396092
2022-08-03 06:00:00+00:00,1.0003,1.0003,1.0002,1.0003,1880896.715562
2022-08-03 07:00:00+00:00,1.0003,1.0003,1.0002,1.0003,2681180.772436
2022-08-03 08:00:00+00:00,1.0003,1.0003,1.0002,1.0002,1397513.93418
2022-08-03 09:00:00+00:00,1.0002,1.0003,1.0002,1.0003,1783036.434433
2022-08-03 10:00:00+00:00,1.0003,1.0003,1.0002,1.0002,2617518.259005
2022-08-03 11:00:00+00:00,1.0002,1.0003,1.0002,1.0003,2711859.280065
2022-08-03 12:00:00+00:00,1.0003,1.0003,1.0002,1.0003,1186502.429677
2022-08-03 13:00:00+00:00,1.0003,1.0003,1.0002,1.0003,1662896.8983
2022-08-03 14:00:00+00:00,1.0003,1.0003,1.0002,1.0003,2689350.655775
2022-08-03 15:00:00+00:00,1.0003,1.0003,1.0002,1.0003,1184315.729229
2022-08-03 16:00:00+00:00,1.0003,1.0003,1.0002,1.0003,601150.542489
2022-08-03 17:00:00+00:00,1.0003,1.0003,1.0002,1.0003,721621.716838
2022-08-03 18:00:00+00:00,1.0003,1.0003,1.0002,1.0003,5354677.552689
2022-08-03 19:00:00+00:00,1.0003,1.0003,1.0002,1.0003,1908630.279649
2022-08-03 20:00:00+00:00,1.0003,1.0003,1.0002,1.0003,2207863.849857
2022-08-03 21:00:00+00:00,1.0003,1.0003,1.0002,1.0003,635505.863725
2022-08-03 22:00:00+00:00,1.0003,1.0003,1.0002,1.0003,505388.506279
2022-08-03 23:00:00+00:00,1.0003,1.0003,1.0002,1.0002,403881.718314
2022-08-04 00:00:00+00:00,1.0002,1.0003,1.0002,1.0003,920523.355545
2022-08-04 01:00:00+00:00,1.0003,1.0003,1.0002,1.0003,487345.361512
2022-08-04 02:00:00+00:00,1.0003,1.0003,1.0002,1.0003,261562.137591
2022-08-04 03:00:00+00:00,1.0003,1.0003,1.0002,1.0003,827022.580481
2022-08-04 04:00:00+00:00,1.0003,1.0003,1.0002,1.0002,581015.9884
2022-08-04 05:00:00+00:00,1.0002,1.0003,1.0002,1.0003,463952.678564
2022-08-04 06:00:00+00:00,1.0003,1.0003,1.0002,1.0003,1085069.713691
2022-08-04 07:00:00+00:00,1.0003,1.0003,1.0002,1.0002,951974.649848
2022-08-04 08:00:00+00:00,1.0002,1.0003,1.0002,1.0003,721068.102659
2022-08-04 09:00:00+00:00,1.0003,1.0003,1.0002,1.0003,7033791.123349
2022-08-04 10:00:00+00:00,1.0003,1.0003,1.0002,1.0003,681025.510421
2022-08-04 11:00:00+00:00,1.0003,1.0003,1.0002,1.0003,4358494.984037
2022-08-04 12:00:00+00:00,1.0003,1.0003,1.0002,1.0002,1860106.366078
2022-08-04 13:00:00+00:00,1.0002,1.0003,1.0002,1.0003,677197.997319
2022-08-04 14:00:00+00:00,1.0003,1.0003,1.0001,1.0002,4488456.464009
2022-08-04 15:00:00+00:00,1.0002,1.0002,1.0001,1.0002,1570618.557998
2022-08-04 16:00:00+00:00,1.0002,1.0002,1.0001,1.0002,782262.806325
2022-08-04 17:00:00+00:00,1.0002,1.0002,1.0001,1.0002,638510.329357
2022-08-04 18:00:00+00:00,1.0002,1.0002,1.0001,1.0002,2994775.072822
2022-08-04 19:00:00+00:00,1.0002,1.0002,1.0001,1.0002,2381314.34984
2022-08-04 20:00:00+00:00,1.0002,1.0002,1.0001,1.0002,296669.612432
2022-08-04 21:00:00+00:00,1.0002,1.0002,1.0001,1.0002,641547.22466
2022-08-04 22:00:00+00:00,1.0002,1.0002,1.0001,1.0002,458141.006792
2022-08-04 23:00:00+00:00,1.0002,1.0002,1.0001,1.0002,226957.427077
2022-08-05 00:00:00+00:00,1.0002,1.0002,1.0001,1.0002,670518.471522
2022-08-05 01:00:00+00:00,1.0002,1.0002,1.0001,1.0001,346202.567356
2022-08-05 02:00:00+00:00,1.0002,1.0002,1.0001,1.0002,528704.32206
2022-08-05 03:00:00+00:00,1.0001,1.0002,1.0001,1.0002,845818.380685
2022-08-05 04:00:00+00:00,1.0002,1.0002,1.0001,1.0001,1439081.993941
2022-08-05 05:00:00+00:00,1.0001,1.0002,1.0001,1.0002,409038.95944
2022-08-05 06:00:00+00:00,1.0002,1.0002,1.0001,1.0002,908096.217348
2022-08-05 07:00:00+00:00,1.0002,1.0002,1.0001,1.0002,1089953.518765
2022-08-05 08:00:00+00:00,1.0002,1.0002,1.0001,1.0002,1939320.753477
2022-08-05 09:00:00+00:00,1.0002,1.0002,1.0001,1.0001,771372.758936
2022-08-05 10:00:00+00:00,1.0001,1.0002,1.0001,1.0002,696583.809231
2022-08-05 11:00:00+00:00,1.0002,1.0002,1.0001,1.0002,1569761.340154
2022-08-05 12:00:00+00:00,1.0002,1.0002,1.0001,1.0002,3395596.816011
2022-08-05 13:00:00+00:00,1.0002,1.0002,1.0001,1.0002,5251656.262632
2022-08-05 14:00:00+00:00,1.0002,1.0002,1.0001,1.0002,1969271.897222
2022-08-05 15:00:00+00:00,1.0002,1.0002,1.0001,1.0002,1903250.512946
2022-08-05 16:00:00+00:00,1.0002,1.0002,1.0001,1.0002,620355.596559
2022-08-05 17:00:00+00:00,1.0002,1.0002,1.0001,1.0002,1120547.798841
2022-08-05 18:00:00+00:00,1.0002,1.0002,1.0001,1.0002,2172137.246097
2022-08-05 19:00:00+00:00,1.0002,1.0002,1.0,1.0001,192471.289995
2022-08-05 20:00:00+00:00,1.0001,1.0001,1.0,1.0001,206056.880303
2022-08-05 21:00:00+00:00,1.0001,1.0001,1.0,1.0001,2758637.664545
2022-08-05 22:00:00+00:00,1.0001,1.0001,1.0,1.0001,1879323.747189
2022-08-05 23:00:00+00:00,1.0001,1.0001,1.0,1.0001,601784.786793
2022-08-06 00:00:00+00:00,1.0001,1.0001,1.0,1.0001,703495.1596
2022-08-06 01:00:00+00:00,1.0001,1.0001,1.0,1.0001,240315.859616
2022-08-06 02:00:00+00:00,1.0001,1.0001,1.0,1.0001,911879.887714
2022-08-06 03:00:00+00:00,1.0001,1.0001,1.0,1.0001,336569.168608
2022-08-06 04:00:00+00:00,1.0001,1.0001,1.0,1.0001,233682.356637
2022-08-06 05:00:00+00:00,1.0001,1.0001,1.0,1.0001,219109.221462
2022-08-06 06:00:00+00:00,1.0001,1.0001,1.0,1.0001,162989.53316
2022-08-06 07:00:00+00:00,1.0001,1.0001,1.0,1.0001,1752636.561118
2022-08-06 08:00:00+00:00,1.0001,1.0001,1.0,1.0001,461572.745013
2022-08-06 09:00:00+00:00,1.0001,1.0001,1.0,1.0001,1883477.159855
2022-08-06 10:00:00+00:00,1.0001,1.0001,1.0,1.0001,1379540.554719
2022-08-06 11:00:00+00:00,1.0001,1.0001,1.0,1.0001,445094.895806
2022-08-06 12:00:00+00:00,1.0001,1.0001,1.0,1.0001,220248.177387
2022-08-06 13:00:00+00:00,1.0001,1.0001,1.0,1.0001,374085.276587
2022-08-06 14:00:00+00:00,1.0001,1.0001,1.0,1.0001,199589.921606
2022-08-06 15:00:00+00:00,1.0001,1.0001,1.0,1.0001,649656.414055
2022-08-06 16:00:00+00:00,1.0001,1.0001,1.0,1.0,257841.314965
2022-08-06 17:00:00+00:00,1.0001,1.0001,1.0,1.0001,303302.250823
2022-08-06 18:00:00+00:00,1.0001,1.0001,1.0,1.0001,1446933.955867
2022-08-06 19:00:00+00:00,1.0001,1.0001,1.0,1.0001,911803.765546
2022-08-06 20:00:00+00:00,1.0001,1.0001,1.0,1.0001,861907.221041
2022-08-06 21:00:00+00:00,1.0001,1.0001,1.0,1.0001,197991.516988
2022-08-06 22:00:00+00:00,1.0001,1.0001,1.0,1.0001,119938.350686
2022-08-06 23:00:00+00:00,1.0001,1.0001,1.0,1.0001,801270.224325
2022-08-07 00:00:00+00:00,1.0001,1.0001,1.0,1.0001,510624.169349
2022-08-07 01:00:00+00:00,1.0001,1.0001,1.0,1.0001,179608.833919
2022-08-07 02:00:00+00:00,1.0001,1.0001,1.0,1.0001,102074.351642
2022-08-07 03:00:00+00:00,1.0001,1.0001,1.0,1.0001,267814.880997
2022-08-07 04:00:00+00:00,1.0001,1.0001,1.0,1.0001,66270.932927
2022-08-07 05:00:00+00:00,1.0001,1.0001,1.0,1.0001,134740.658101
2022-08-07 06:00:00+00:00,1.0001,1.0001,1.0,1.0001,605230.927451
2022-08-07 07:00:00+00:00,1.0001,1.0001,1.0,1.0,204751.724256
2022-08-07 08:00:00+00:00,1.0,1.0001,1.0,1.0001,878655.229099
2022-08-07 09:00:00+00:00,1.0001,1.0001,1.0,1.0001,284194.726197
2022-08-07 10:00:00+00:00,1.0001,1.0001,1.0,1.0001,143541.899562
2022-08-07 11:00:00+00:00,1.0001,1.0001,1.0,1.0001,308151.38576
2022-08-07 12:00:00+00:00,1.0001,1.0001,1.0,1.0001,528218.088446
2022-08-07 13:00:00+00:00,1.0001,1.0001,1.0,1.0001,536829.178811
2022-08-07 14:00:00+00:00,1.0001,1.0001,1.0,1.0001,1094546.068751
2022-08-07 15:00:00+00:00,1.0001,1.0001,1.0,1.0,307665.158721
2022-08-07 16:00:00+00:00,1.0,1.0001,1.0,1.0001,420121.330281
2022-08-07 17:00:00+00:00,1.0001,1.0001,1.0,1.0001,268556.174348
2022-08-07 18:00:00+00:00,1.0001,1.0001,1.0,1.0001,192179.223161
2022-08-07 19:00:00+00:00,1.0001,1.0001,1.0,1.0001,4076267.579729
2022-08-07 20:00:00+00:00,1.0001,1.0001,1.0,1.0001,361505.628888
2022-08-07 21:00:00+00:00,1.0001,1.0001,1.0,1.0001,273083.709114
2022-08-07 22:00:00+00:00,1.0001,1.0001,1.0,1.0001,230032.0965
2022-08-07 23:00:00+00:00,1.0001,1.0001,1.0,1.0001,714871.945309
2022-08-08 00:00:00+00:00,1.0001,1.0001,1.0,1.0001,242271.50541
2022-08-08 01:00:00+00:00,1.0001,1.0001,1.0,1.0001,344856.964202
2022-08-08 02:00:00+00:00,1.0001,1.0001,1.0,1.0001,1136234.499185
2022-08-08 03:00:00+00:00,1.0001,1.0001,1.0,1.0001,572663.708714
2022-08-08 04:00:00+00:00,1.0001,1.0001,1.0,1.0001,583765.803661
2022-08-08 05:00:00+00:00,1.0001,1.0001,1.0,1.0001,674918.678973
2022-08-08 06:00:00+00:00,1.0001,1.0001,1.0,1.0001,2326409.737591
2022-08-08 07:00:00+00:00,1.0001,1.0001,1.0,1.0001,1432369.873932
2022-08-08 08:00:00+00:00,1.0001,1.0001,1.0,1.0001,3903959.812911
2022-08-08 09:00:00+00:00,1.0001,1.0001,1.0,1.0001,8974077.438821
2022-08-08 10:00:00+00:00,1.0001,1.0001,1.0,1.0001,3805022.076913
2022-08-08 11:00:00+00:00,1.0001,1.0001,1.0,1.0001,2805534.671625
2022-08-08 12:00:00+00:00,1.0001,1.0001,1.0,1.0001,2221259.209751
2022-08-08 13:00:00+00:00,1.0001,1.0001,1.0,1.0,4092737.676169
2022-08-08 14:00:00+00:00,1.0,1.0001,1.0,1.0001,3427442.972568
2022-08-08 15:00:00+00:00,1.0001,1.0001,1.0,1.0001,3755229.013084
2022-08-08 16:00:00+00:00,1.0001,1.0001,1.0,1.0001,2927828.775902
2022-08-08 17:00:00+00:00,1.0001,1.0001,1.0,1.0001,3378415.182476
2022-08-08 18:00:00+00:00,1.0001,1.0001,1.0,1.0001,2987579.672053
2022-08-08 19:00:00+00:00,1.0001,1.0001,1.0,1.0001,720782.437236
2022-08-08 20:00:00+00:00,1.0001,1.0001,1.0,1.0001,10119449.157903
2022-08-08 21:00:00+00:00,1.0001,1.0001,1.0,1.0001,3713706.075807
2022-08-08 22:00:00+00:00,1.0001,1.0001,1.0,1.0001,1071735.146529
2022-08-08 23:00:00+00:00,1.0001,1.0001,1.0,1.0001,1341103.5013
2022-08-09 00:00:00+00:00,1.0001,1.0001,1.0,1.0001,789250.780566
2022-08-09 01:00:00+00:00,1.0001,1.0001,1.0,1.0001,769424.614316
2022-08-09 02:00:00+00:00,1.0001,1.0001,1.0,1.0001,1381420.067696
2022-08-09 03:00:00+00:00,1.0001,1.0002,1.0,1.0002,1116094.103704
2022-08-09 04:00:00+00:00,1.0002,1.0002,1.0001,1.0002,649611.883181
2022-08-09 05:00:00+00:00,1.0002,1.0002,1.0001,1.0002,1697076.442901
2022-08-09 06:00:00+00:00,1.0002,1.0002,1.0001,1.0002,1195655.369092
2022-08-09 07:00:00+00:00,1.0002,1.0002,1.0001,1.0002,4867924.887566
2022-08-09 08:00:00+00:00,1.0002,1.0002,1.0001,1.0001,1351582.820524
2022-08-09 09:00:00+00:00,1.0001,1.0002,1.0001,1.0002,884437.168528
2022-08-09 10:00:00+00:00,1.0002,1.0002,1.0001,1.0002,2474102.110461
2022-08-09 11:00:00+00:00,1.0002,1.0002,1.0001,1.0002,3319496.72438
2022-08-09 12:00:00+00:00,1.0002,1.0003,1.0001,1.0002,2336821.896773
2022-08-09 13:00:00+00:00,1.0002,1.0003,1.0002,1.0003,6583304.265582
2022-08-09 14:00:00+00:00,1.0003,1.0003,1.0002,1.0003,9325090.976853
2022-08-09 15:00:00+00:00,1.0003,1.0003,1.0002,1.0003,4141716.990965
2022-08-09 16:00:00+00:00,1.0003,1.0003,1.0002,1.0003,1098967.641055
2022-08-09 17:00:00+00:00,1.0003,1.0003,1.0002,1.0003,1619033.567947
2022-08-09 18:00:00+00:00,1.0003,1.0003,1.0002,1.0003,4903884.722978
2022-08-09 19:00:00+00:00,1.0003,1.0003,1.0002,1.0003,1613709.481344
2022-08-09 20:00:00+00:00,1.0003,1.0003,1.0002,1.0002,1368070.863212
2022-08-09 21:00:00+00:00,1.0002,1.0003,1.0002,1.0003,1509287.704158
2022-08-09 22:00:00+00:00,1.0003,1.0003,1.0002,1.0003,283421.053796
2022-08-09 23:00:00+00:00,1.0003,1.0003,1.0002,1.0003,483013.249368
2022-08-10 00:00:00+00:00,1.0003,1.0003,1.0002,1.0003,1076776.000456
2022-08-10 01:00:00+00:00,1.0003,1.0003,1.0002,1.0002,489338.237548
2022-08-10 02:00:00+00:00,1.0002,1.0003,1.0002,1.0003,500680.727655
2022-08-10 03:00:00+00:00,1.0003,1.0003,1.0002,1.0003,1014208.739984
2022-08-10 04:00:00+00:00,1.0003,1.0003,1.0002,1.0003,1791835.316087
2022-08-10 05:00:00+00:00,1.0003,1.0003,1.0002,1.0003,1440693.09392
2022-08-10 06:00:00+00:00,1.0003,1.0003,1.0002,1.0003,2132727.133685
2022-08-10 07:00:00+00:00,1.0003,1.0003,1.0002,1.0003,4333615.058839
2022-08-10 08:00:00+00:00,1.0003,1.0003,1.0002,1.0003,3766165.853061
2022-08-10 09:00:00+00:00,1.0003,1.0003,1.0002,1.0003,2265851.528734
2022-08-10 10:00:00+00:00,1.0003,1.0003,1.0002,1.0003,2393771.790506
2022-08-10 11:00:00+00:00,1.0003,1.0003,1.0002,1.0003,1250938.648289
2022-08-10 12:00:00+00:00,1.0003,1.0004,1.0002,1.0004,21478373.91585
2022-08-10 13:00:00+00:00,1.0004,1.0004,1.0003,1.0004,9546380.877743
2022-08-10 14:00:00+00:00,1.0004,1.0004,1.0003,1.0004,3574491.541794
2022-08-10 15:00:00+00:00,1.0004,1.0004,1.0003,1.0004,8395714.701014
2022-08-10 16:00:00+00:00,1.0004,1.0004,1.0003,1.0004,10772800.916176
2022-08-10 17:00:00+00:00,1.0004,1.0004,1.0003,1.0004,1864455.761041
2022-08-10 18:00:00+00:00,1.0004,1.0004,1.0003,1.0004,1529373.57257
2022-08-10 19:00:00+00:00,1.0004,1.0004,1.0003,1.0004,1547738.457598
2022-08-10 20:00:00+00:00,1.0004,1.0004,1.0003,1.0004,2668359.659762
2022-08-10 21:00:00+00:00,1.0004,1.0004,1.0003,1.0004,3248748.346603
2022-08-10 22:00:00+00:00,1.0004,1.0004,1.0003,1.0004,635048.715329
2022-08-10 23:00:00+00:00,1.0004,1.0004,1.0003,1.0004,393054.608826
2022-08-11 00:00:00+00:00,1.0004,1.0004,1.0003,1.0004,4455805.032401
2022-08-11 01:00:00+00:00,1.0004,1.0004,1.0003,1.0004,20410735.013615
2022-08-11 02:00:00+00:00,1.0004,1.0004,1.0003,1.0003,1543798.617049
2022-08-11 03:00:00+00:00,1.0003,1.0004,1.0003,1.0004,1979509.501109
2022-08-11 04:00:00+00:00,1.0004,1.0004,1.0003,1.0004,1372412.514976
2022-08-11 05:00:00+00:00,1.0004,1.0004,1.0003,1.0004,2659137.600168
2022-08-11 06:00:00+00:00,1.0004,1.0004,1.0003,1.0004,2876295.444173
2022-08-11 07:00:00+00:00,1.0004,1.0004,1.0003,1.0004,1719355.889912
2022-08-11 08:00:00+00:00,1.0003,1.0004,1.0003,1.0004,2517939.910751
2022-08-11 09:00:00+00:00,1.0004,1.0004,1.0003,1.0004,2788968.87508
2022-08-11 10:00:00+00:00,1.0004,1.0005,1.0003,1.0005,2543166.582421
2022-08-11 11:00:00+00:00,1.0005,1.0005,1.0004,1.0005,1146209.841211
2022-08-11 12:00:00+00:00,1.0005,1.0005,1.0004,1.0005,3539766.857443
2022-08-11 13:00:00+00:00,1.0005,1.0005,1.0004,1.0005,4525922.17094
2022-08-11 14:00:00+00:00,1.0005,1.0005,1.0004,1.0005,3949384.303838
2022-08-11 15:00:00+00:00,1.0005,1.0005,1.0004,1.0005,6738747.708711
2022-08-11 16:00:00+00:00,1.0005,1.0005,1.0004,1.0005,7816274.811362
2022-08-11 17:00:00+00:00,1.0005,1.0005,1.0004,1.0005,1819037.311587
2022-08-11 18:00:00+00:00,1.0005,1.0005,1.0004,1.0005,1759384.471751
2022-08-11 19:00:00+00:00,1.0005,1.0005,1.0004,1.0005,3392181.711996
2022-08-11 20:00:00+00:00,1.0005,1.0005,1.0004,1.0005,414818.396317
2022-08-11 21:00:00+00:00,1.0005,1.0005,1.0004,1.0005,2095457.057084
2022-08-11 22:00:00+00:00,1.0005,1.0005,1.0004,1.0005,312241.478469
2022-08-11 23:00:00+00:00,1.0005,1.0005,1.0004,1.0005,408434.992337
2022-08-12 00:00:00+00:00,1.0005,1.0005,1.0004,1.0005,456243.151215
2022-08-12 01:00:00+00:00,1.0005,1.0005,1.0004,1.0005,575990.480417
2022-08-12 02:00:00+00:00,1.0005,1.0005,1.0004,1.0005,1576014.43903
2022-08-12 03:00:00+00:00,1.0005,1.0005,1.0004,1.0005,402227.004762
2022-08-12 04:00:00+00:00,1.0005,1.0005,1.0004,1.0005,1223869.425991
2022-08-12 05:00:00+00:00,1.0005,1.0005,1.0004,1.0005,1845667.634075
2022-08-12 06:00:00+00:00,1.0005,1.0005,1.0004,1.0005,665290.669392
2022-08-12 07:00:00+00:00,1.0005,1.0005,1.0004,1.0005,1291136.601624
2022-08-12 08:00:00+00:00,1.0005,1.0005,1.0004,1.0005,2848198.95646
2022-08-12 09:00:00+00:00,1.0005,1.0005,1.0004,1.0004,1006785.734573
2022-08-12 10:00:00+00:00,1.0004,1.0005,1.0004,1.0004,1891008.608745
2022-08-12 11:00:00+00:00,1.0005,1.0005,1.0004,1.0005,1972261.558827
2022-08-12 12:00:00+00:00,1.0005,1.0005,1.0004,1.0005,1466156.067343
2022-08-12 13:00:00+00:00,1.0005,1.0005,1.0004,1.0005,3961400.060042
2022-08-12 14:00:00+00:00,1.0005,1.0005,1.0004,1.0005,2137335.876788
2022-08-12 15:00:00+00:00,1.0005,1.0005,1.0004,1.0005,1883771.604299
2022-08-12 16:00:00+00:00,1.0005,1.0005,1.0004,1.0005,7156740.718224
2022-08-12 17:00:00+00:00,1.0005,1.0005,1.0004,1.0005,4841609.789703
2022-08-12 18:00:00+00:00,1.0004,1.0005,1.0004,1.0005,520694.061929
2022-08-12 19:00:00+00:00,1.0005,1.0005,1.0004,1.0005,641859.521276
2022-08-12 20:00:00+00:00,1.0005,1.0005,1.0004,1.0005,1337776.117085
2022-08-12 21:00:00+00:00,1.0005,1.0005,1.0004,1.0005,1731337.65133
2022-08-12 22:00:00+00:00,1.0005,1.0005,1.0004,1.0005,279405.374521
2022-08-12 23:00:00+00:00,1.0005,1.0005,1.0004,1.0005,533611.643148
2022-08-13 00:00:00+00:00,1.0005,1.0005,1.0004,1.0005,2529895.889556
2022-08-13 01:00:00+00:00,1.0005,1.0005,1.0004,1.0005,1665680.410493
2022-08-13 02:00:00+00:00,1.0005,1.0005,1.0004,1.0005,1188618.966107
2022-08-13 03:00:00+00:00,1.0005,1.0005,1.0004,1.0005,810734.203428
2022-08-13 04:00:00+00:00,1.0005,1.0005,1.0004,1.0005,831178.82254
2022-08-13 05:00:00+00:00,1.0005,1.0005,1.0004,1.0005,893608.354537
2022-08-13 06:00:00+00:00,1.0005,1.0005,1.0004,1.0005,941133.39358
2022-08-13 07:00:00+00:00,1.0005,1.0005,1.0004,1.0005,893598.621218
2022-08-13 08:00:00+00:00,1.0005,1.0005,1.0004,1.0004,916992.977014
2022-08-13 09:00:00+00:00,1.0004,1.0005,1.0004,1.0005,425390.843792
2022-08-13 10:00:00+00:00,1.0005,1.0005,1.0004,1.0005,1383897.535393
2022-08-13 11:00:00+00:00,1.0005,1.0005,1.0004,1.0005,2073152.675749
2022-08-13 12:00:00+00:00,1.0005,1.0005,1.0004,1.0004,5394329.923087
2022-08-13 13:00:00+00:00,1.0004,1.0005,1.0004,1.0005,985308.260121
2022-08-13 14:00:00+00:00,1.0005,1.0005,1.0004,1.0005,2219303.17851
2022-08-13 15:00:00+00:00,1.0005,1.0005,1.0004,1.0005,452179.203229
2022-08-13 16:00:00+00:00,1.0005,1.0005,1.0004,1.0005,547258.353058
2022-08-13 17:00:00+00:00,1.0005,1.0005,1.0004,1.0005,294241.455265
2022-08-13 18:00:00+00:00,1.0005,1.0005,1.0004,1.0005,339072.999723
2022-08-13 19:00:00+00:00,1.0005,1.0005,1.0004,1.0004,443957.269411
2022-08-13 20:00:00+00:00,1.0004,1.0005,1.0004,1.0005,295328.027122
2022-08-13 21:00:00+00:00,1.0005,1.0005,1.0004,1.0005,269940.60825
2022-08-13 22:00:00+00:00,1.0005,1.0005,1.0004,1.0005,160669.590084
2022-08-13 23:00:00+00:00,1.0005,1.0005,1.0004,1.0005,96041.532266
2022-08-14 00:00:00+00:00,1.0005,1.0005,1.0004,1.0005,188579.71368
2022-08-14 01:00:00+00:00,1.0005,1.0005,1.0004,1.0005,388640.305986
2022-08-14 02:00:00+00:00,1.0005,1.0005,1.0004,1.0005,140995.835404
2022-08-14 03:00:00+00:00,1.0005,1.0005,1.0004,1.0005,236686.807319
2022-08-14 04:00:00+00:00,1.0005,1.0005,1.0004,1.0005,550453.281241
2022-08-14 05:00:00+00:00,1.0005,1.0005,1.0004,1.0005,380009.423076
2022-08-14 06:00:00+00:00,1.0005,1.0005,1.0004,1.0004,507104.795717
2022-08-14 07:00:00+00:00,1.0004,1.0005,1.0004,1.0005,1998593.514573
2022-08-14 08:00:00+00:00,1.0005,1.0005,1.0004,1.0005,439395.855728
2022-08-14 09:00:00+00:00,1.0005,1.0005,1.0004,1.0005,274061.188086
2022-08-14 10:00:00+00:00,1.0005,1.0005,1.0004,1.0005,413422.464455
2022-08-14 11:00:00+00:00,1.0005,1.0005,1.0004,1.0005,686521.224873
2022-08-14 12:00:00+00:00,1.0005,1.0005,1.0004,1.0004,1061862.193442
2022-08-14 13:00:00+00:00,1.0004,1.0005,1.0004,1.0004,899921.633673
2022-08-14 14:00:00+00:00,1.0004,1.0005,1.0003,1.0004,7591743.105039
2022-08-14 15:00:00+00:00,1.0004,1.0004,1.0003,1.0004,266478.835227
2022-08-14 16:00:00+00:00,1.0004,1.0004,1.0003,1.0004,1328652.053632
2022-08-14 17:00:00+00:00,1.0004,1.0004,1.0003,1.0004,907947.904933
2022-08-14 18:00:00+00:00,1.0004,1.0004,1.0003,1.0004,682155.17021
2022-08-14 19:00:00+00:00,1.0004,1.0004,1.0003,1.0004,1198081.834756
2022-08-14 20:00:00+00:00,1.0004,1.0004,1.0003,1.0004,691193.242811
2022-08-14 21:00:00+00:00,1.0004,1.0004,1.0003,1.0004,249150.435143
2022-08-14 22:00:00+00:00,1.0004,1.0004,1.0003,1.0004,249196.057656
2022-08-14 23:00:00+00:00,1.0004,1.0004,1.0003,1.0004,193446.973084
2022-08-15 00:00:00+00:00,1.0004,1.0004,1.0003,1.0004,9085329.832156
2022-08-15 01:00:00+00:00,1.0004,1.0004,1.0003,1.0003,2634255.815617
2022-08-15 02:00:00+00:00,1.0003,1.0004,1.0003,1.0004,706095.494434
2022-08-15 03:00:00+00:00,1.0004,1.0004,1.0003,1.0004,2603049.472609
2022-08-15 04:00:00+00:00,1.0004,1.0004,1.0003,1.0004,1457912.458462
2022-08-15 05:00:00+00:00,1.0004,1.0004,1.0003,1.0004,923700.267585
2022-08-15 06:00:00+00:00,1.0004,1.0004,1.0003,1.0004,1813153.567634
2022-08-15 07:00:00+00:00,1.0004,1.0004,1.0003,1.0004,3823726.981764
2022-08-15 08:00:00+00:00,1.0004,1.0004,1.0003,1.0004,10141124.146219
2022-08-15 09:00:00+00:00,1.0004,1.0004,1.0003,1.0004,2301279.634276
2022-08-15 10:00:00+00:00,1.0004,1.0004,1.0003,1.0004,3627552.865182
2022-08-15 11:00:00+00:00,1.0004,1.0004,1.0003,1.0004,769703.458171
2022-08-15 12:00:00+00:00,1.0004,1.0004,1.0003,1.0004,2293012.068383
2022-08-15 13:00:00+00:00,1.0004,1.0004,1.0003,1.0003,3024481.656688
2022-08-15 14:00:00+00:00,1.0003,1.0004,1.0003,1.0004,2001070.535756
2022-08-15 15:00:00+00:00,1.0004,1.0004,1.0003,1.0004,1801554.129888
2022-08-15 16:00:00+00:00,1.0004,1.0004,1.0003,1.0004,12161983.107491
2022-08-15 17:00:00+00:00,1.0004,1.0004,1.0003,1.0004,1442124.480081
2022-08-15 18:00:00+00:00,1.0004,1.0004,1.0002,1.0003,1465960.356361
2022-08-15 19:00:00+00:00,1.0003,1.0003,1.0002,1.0003,783586.230764
2022-08-15 20:00:00+00:00,1.0003,1.0003,1.0002,1.0003,468222.417036
2022-08-15 21:00:00+00:00,1.0003,1.0003,1.0002,1.0003,915416.806332
2022-08-15 22:00:00+00:00,1.0003,1.0003,1.0002,1.0003,176477.661083
2022-08-15 23:00:00+00:00,1.0003,1.0003,1.0002,1.0003,640619.167392
2022-08-16 00:00:00+00:00,1.0003,1.0003,1.0002,1.0003,210886.580239
2022-08-16 01:00:00+00:00,1.0003,1.0003,1.0002,1.0003,974034.818095
2022-08-16 02:00:00+00:00,1.0003,1.0003,1.0002,1.0003,6668164.814651
2022-08-16 03:00:00+00:00,1.0003,1.0003,1.0002,1.0003,1050907.986277
2022-08-16 04:00:00+00:00,1.0003,1.0003,1.0002,1.0003,2128218.493895
2022-08-16 05:00:00+00:00,1.0003,1.0003,1.0001,1.0002,3342580.835438
2022-08-16 06:00:00+00:00,1.0002,1.0002,1.0001,1.0002,1165312.51401
2022-08-16 07:00:00+00:00,1.0002,1.0002,1.0001,1.0002,4515691.915979
2022-08-16 08:00:00+00:00,1.0002,1.0002,1.0001,1.0002,882807.405927
2022-08-16 09:00:00+00:00,1.0002,1.0002,1.0001,1.0002,527165.138573
2022-08-16 10:00:00+00:00,1.0002,1.0002,1.0001,1.0002,1954449.162446
2022-08-16 11:00:00+00:00,1.0002,1.0002,1.0001,1.0002,1115354.248522
2022-08-16 12:00:00+00:00,1.0002,1.0002,1.0001,1.0002,1731489.536238
2022-08-16 13:00:00+00:00,1.0002,1.0002,1.0001,1.0002,2166406.306974
2022-08-16 14:00:00+00:00,1.0002,1.0002,1.0001,1.0002,9175782.678116
2022-08-16 15:00:00+00:00,1.0002,1.0002,1.0001,1.0002,6695520.871684
2022-08-16 16:00:00+00:00,1.0002,1.0002,1.0001,1.0002,2902632.235515
2022-08-16 17:00:00+00:00,1.0002,1.0002,1.0001,1.0002,3909243.112485
2022-08-16 18:00:00+00:00,1.0002,1.0002,1.0001,1.0002,453750.820774
2022-08-16 19:00:00+00:00,1.0002,1.0002,1.0001,1.0002,3862585.165392
2022-08-16 20:00:00+00:00,1.0002,1.0002,1.0001,1.0002,389548.75991
2022-08-16 21:00:00+00:00,1.0002,1.0002,1.0001,1.0002,1665011.164792
2022-08-16 22:00:00+00:00,1.0002,1.0002,1.0001,1.0002,101331.963718
2022-08-16 23:00:00+00:00,1.0002,1.0002,1.0001,1.0002,130908.333582
2022-08-17 00:00:00+00:00,1.0002,1.0002,1.0001,1.0002,170076.122962
2022-08-17 01:00:00+00:00,1.0002,1.0002,1.0001,1.0002,244922.818907
2022-08-17 02:00:00+00:00,1.0002,1.0002,1.0001,1.0002,977164.905773
2022-08-17 03:00:00+00:00,1.0002,1.0002,1.0001,1.0002,756901.690155
2022-08-17 04:00:00+00:00,1.0002,1.0002,1.0001,1.0002,488936.309853
2022-08-17 05:00:00+00:00,1.0002,1.0002,1.0001,1.0002,456191.178604
2022-08-17 06:00:00+00:00,1.0002,1.0002,1.0001,1.0002,1992121.680235
2022-08-17 07:00:00+00:00,1.0002,1.0002,1.0001,1.0002,1315065.810726
2022-08-17 08:00:00+00:00,1.0002,1.0002,1.0001,1.0002,1620183.96466
2022-08-17 09:00:00+00:00,1.0002,1.0002,1.0001,1.0002,1615928.967981
2022-08-17 10:00:00+00:00,1.0002,1.0002,1.0001,1.0002,3200894.996253
2022-08-17 11:00:00+00:00,1.0002,1.0002,1.0001,1.0002,2502269.626398
2022-08-17 12:00:00+00:00,1.0002,1.0002,1.0001,1.0002,2268307.894111
2022-08-17 13:00:00+00:00,1.0002,1.0002,1.0001,1.0002,1388417.774162
2022-08-17 14:00:00+00:00,1.0002,1.0002,1.0001,1.0001,11056874.875125
2022-08-17 15:00:00+00:00,1.0001,1.0002,1.0001,1.0002,2625221.630394
2022-08-17 16:00:00+00:00,1.0002,1.0002,1.0001,1.0002,4297415.265518
2022-08-17 17:00:00+00:00,1.0002,1.0002,1.0001,1.0001,1574589.825182
2022-08-17 18:00:00+00:00,1.0001,1.0002,1.0,1.0001,2519809.371318
2022-08-17 19:00:00+00:00,1.0001,1.0001,1.0,1.0,5428830.502839
2022-08-17 20:00:00+00:00,1.0,1.0001,1.0,1.0001,1884944.895268
2022-08-17 21:00:00+00:00,1.0001,1.0001,1.0,1.0001,1308202.059911
2022-08-17 22:00:00+00:00,1.0001,1.0001,1.0,1.0001,2158689.76453
2022-08-17 23:00:00+00:00,1.0001,1.0001,1.0,1.0001,284297.201247
2022-08-18 00:00:00+00:00,1.0001,1.0001,1.0,1.0001,467532.787635
2022-08-18 01:00:00+00:00,1.0001,1.0001,1.0,1.0001,1194385.693014
2022-08-18 02:00:00+00:00,1.0001,1.0001,1.0,1.0001,1926690.092454
2022-08-18 03:00:00+00:00,1.0001,1.0001,1.0,1.0001,3936196.953451
2022-08-18 04:00:00+00:00,1.0001,1.0001,1.0,1.0001,1195829.54654
2022-08-18 05:00:00+00:00,1.0001,1.0001,1.0,1.0001,1152218.409445
2022-08-18 06:00:00+00:00,1.0001,1.0001,1.0,1.0001,1541843.234451
2022-08-18 07:00:00+00:00,1.0001,1.0001,1.0,1.0001,1267401.826627
2022-08-18 08:00:00+00:00,1.0001,1.0001,1.0,1.0001,923653.389165
2022-08-18 09:00:00+00:00,1.0001,1.0001,1.0,1.0001,759105.145485
2022-08-18 10:00:00+00:00,1.0001,1.0001,1.0,1.0001,508987.431813
2022-08-18 11:00:00+00:00,1.0,1.0001,1.0,1.0001,1083276.904678
2022-08-18 12:00:00+00:00,1.0001,1.0001,1.0,1.0001,3034246.307565
2022-08-18 13:00:00+00:00,1.0001,1.0001,1.0,1.0,3565189.697982
2022-08-18 14:00:00+00:00,1.0,1.0001,1.0,1.0001,1367383.998958
2022-08-18 15:00:00+00:00,1.0001,1.0001,1.0,1.0001,4789629.617929
2022-08-18 16:00:00+00:00,1.0001,1.0001,1.0,1.0001,3862344.908061
2022-08-18 17:00:00+00:00,1.0001,1.0001,1.0,1.0001,3048337.263855
2022-08-18 18:00:00+00:00,1.0001,1.0001,1.0,1.0001,2371137.411254
2022-08-18 19:00:00+00:00,1.0001,1.0001,1.0,1.0001,1908377.06898
2022-08-18 20:00:00+00:00,1.0001,1.0001,1.0,1.0001,441856.508113
2022-08-18 21:00:00+00:00,1.0001,1.0001,1.0,1.0001,449998.286783
2022-08-18 22:00:00+00:00,1.0001,1.0001,1.0,1.0001,481344.229927
2022-08-18 23:00:00+00:00,1.0001,1.0001,1.0,1.0001,1957727.556341
2022-08-19 00:00:00+00:00,1.0001,1.0001,1.0,1.0001,1199957.328287
2022-08-19 01:00:00+00:00,1.0001,1.0001,1.0,1.0001,7497308.395432
2022-08-19 02:00:00+00:00,1.0001,1.0001,1.0,1.0001,996050.501897
2022-08-19 03:00:00+00:00,1.0001,1.0001,1.0,1.0001,612777.979302
2022-08-19 04:00:00+00:00,1.0001,1.0001,1.0,1.0001,1345312.741628
2022-08-19 05:00:00+00:00,1.0001,1.0001,1.0,1.0001,502064.863889
2022-08-19 06:00:00+00:00,1.0001,1.0001,1.0,1.0,10151008.840681
2022-08-19 07:00:00+00:00,1.0,1.0001,1.0,1.0001,4093155.585986
2022-08-19 08:00:00+00:00,1.0001,1.0001,1.0,1.0,3451212.900883
2022-08-19 09:00:00+00:00,1.0,1.0001,1.0,1.0001,1725917.428459
2022-08-19 10:00:00+00:00,1.0001,1.0001,1.0,1.0001,2091309.740183
2022-08-19 11:00:00+00:00,1.0001,1.0001,1.0,1.0001,3822700.73711
2022-08-19 12:00:00+00:00,1.0001,1.0001,1.0,1.0001,3337906.506484
2022-08-19 13:00:00+00:00,1.0001,1.0001,1.0,1.0001,4583859.762863
2022-08-19 14:00:00+00:00,1.0001,1.0001,1.0,1.0001,2568645.354477
2022-08-19 15:00:00+00:00,1.0001,1.0001,1.0,1.0,3150438.581911
2022-08-19 16:00:00+00:00,1.0,1.0001,1.0,1.0001,1746651.760671
2022-08-19 17:00:00+00:00,1.0001,1.0001,1.0,1.0001,374320.659168
2022-08-19 18:00:00+00:00,1.0001,1.0001,1.0,1.0001,1536988.469632
2022-08-19 19:00:00+00:00,1.0001,1.0001,1.0,1.0001,1154333.714026
2022-08-19 20:00:00+00:00,1.0001,1.0001,1.0,1.0001,1070900.969147
2022-08-19 21:00:00+00:00,1.0001,1.0001,1.0,1.0001,1716423.566458
2022-08-19 22:00:00+00:00,1.0001,1.0001,1.0,1.0001,689496.80103
2022-08-19 23:00:00+00:00,1.0001,1.0001,1.0,1.0001,612257.130648
2022-08-20 00:00:00+00:00,1.0001,1.0001,1.0,1.0001,1295674.682959
2022-08-20 01:00:00+00:00,1.0001,1.0001,1.0,1.0001,315235.929324
2022-08-20 02:00:00+00:00,1.0001,1.0001,1.0,1.0001,247905.625695
2022-08-20 03:00:00+00:00,1.0001,1.0001,1.0,1.0001,408338.381988
2022-08-20 04:00:00+00:00,1.0001,1.0001,1.0,1.0001,898453.002825
2022-08-20 05:00:00+00:00,1.0001,1.0001,1.0,1.0,630122.843575
2022-08-20 06:00:00+00:00,1.0,1.0001,1.0,1.0001,291838.639151
2022-08-20 07:00:00+00:00,1.0001,1.0001,1.0,1.0001,379479.511422
2022-08-20 08:00:00+00:00,1.0001,1.0001,1.0,1.0001,465975.873828
2022-08-20 09:00:00+00:00,1.0001,1.0001,1.0,1.0001,493697.980868
2022-08-20 10:00:00+00:00,1.0001,1.0001,1.0,1.0001,455237.718113
2022-08-20 11:00:00+00:00,1.0001,1.0001,1.0,1.0001,308229.941011
2022-08-20 12:00:00+00:00,1.0001,1.0001,1.0,1.0001,488074.222335
2022-08-20 13:00:00+00:00,1.0001,1.0001,1.0,1.0001,546598.761897
2022-08-20 14:00:00+00:00,1.0001,1.0001,1.0,1.0,948473.412001
2022-08-20 15:00:00+00:00,1.0,1.0001,1.0,1.0001,1077270.366493
2022-08-20 16:00:00+00:00,1.0001,1.0001,1.0,1.0001,2414613.466915
2022-08-20 17:00:00+00:00,1.0001,1.0001,1.0,1.0001,919330.852207
2022-08-20 18:00:00+00:00,1.0001,1.0001,1.0,1.0001,452625.393532
2022-08-20 19:00:00+00:00,1.0001,1.0001,1.0,1.0001,788556.043058
2022-08-20 20:00:00+00:00,1.0001,1.0001,1.0,1.0001,563621.338767
2022-08-20 21:00:00+00:00,1.0001,1.0001,1.0,1.0001,800747.202347
2022-08-20 22:00:00+00:00,1.0001,1.0001,1.0,1.0001,184365.627786
2022-08-20 23:00:00+00:00,1.0001,1.0001,1.0,1.0001,744425.379708
2022-08-21 00:00:00+00:00,1.0001,1.0001,1.0,1.0001,321095.773364
2022-08-21 01:00:00+00:00,1.0001,1.0001,1.0,1.0,722528.592561
2022-08-21 02:00:00+00:00,1.0,1.0001,1.0,1.0001,134125.956273
2022-08-21 03:00:00+00:00,1.0001,1.0001,1.0,1.0001,329906.200458
2022-08-21 04:00:00+00:00,1.0001,1.0001,1.0,1.0001,2865929.553767
2022-08-21 05:00:00+00:00,1.0001,1.0001,1.0,1.0001,184575.178107
2022-08-21 06:00:00+00:00,1.0001,1.0001,1.0,1.0001,224679.662287
2022-08-21 07:00:00+00:00,1.0001,1.0001,1.0,1.0001,8382693.891252
2022-08-21 08:00:00+00:00,1.0001,1.0001,1.0,1.0001,658731.258129
2022-08-21 09:00:00+00:00,1.0001,1.0001,1.0,1.0001,4165768.134741
2022-08-21 10:00:00+00:00,1.0001,1.0001,1.0,1.0001,415679.951846
2022-08-21 11:00:00+00:00,1.0001,1.0001,1.0,1.0001,333064.400039
2022-08-21 12:00:00+00:00,1.0001,1.0001,1.0,1.0001,906461.05421
2022-08-21 13:00:00+00:00,1.0001,1.0001,1.0,1.0001,255363.236878
2022-08-21 14:00:00+00:00,1.0001,1.0001,1.0,1.0001,704286.920883
2022-08-21 15:00:00+00:00,1.0001,1.0001,1.0,1.0001,171940.435959
2022-08-21 16:00:00+00:00,1.0001,1.0001,1.0,1.0001,181537.265191
2022-08-21 17:00:00+00:00,1.0001,1.0001,1.0,1.0001,226121.004351
2022-08-21 18:00:00+00:00,1.0001,1.0001,1.0,1.0001,2276916.792556
2022-08-21 19:00:00+00:00,1.0001,1.0001,1.0,1.0001,1001002.692081
2022-08-21 20:00:00+00:00,1.0001,1.0001,1.0,1.0001,621615.664417
2022-08-21 21:00:00+00:00,1.0001,1.0001,0.9999,1.0,559467.745559
2022-08-21 22:00:00+00:00,1.0,1.0,0.9999,1.0,1633942.98491
2022-08-21 23:00:00+00:00,1.0,1.0,0.9999,1.0,116142.375912
2022-08-22 00:00:00+00:00,1.0,1.0,0.9999,1.0,100523.760595
2022-08-22 01:00:00+00:00,1.0,1.0,0.9999,1.0,128339.471706
2022-08-22 02:00:00+00:00,1.0,1.0,0.9999,1.0,1042454.535817
2022-08-22 03:00:00+00:00,1.0,1.0,0.9999,1.0,794368.626724
2022-08-22 04:00:00+00:00,1.0,1.0,0.9999,1.0,1902425.455344
2022-08-22 05:00:00+00:00,1.0,1.0,0.9999,1.0,1607934.946456
2022-08-22 06:00:00+00:00,1.0,1.0,0.9999,0.9999,1466894.05238
2022-08-22 07:00:00+00:00,0.9999,1.0,0.9999,0.9999,5571753.948313
2022-08-22 08:00:00+00:00,0.9999,1.0,0.9999,0.9999,1049318.989168
2022-08-22 09:00:00+00:00,0.9999,1.0,0.9999,1.0,2873041.586988
2022-08-22 10:00:00+00:00,1.0,1.0,0.9999,1.0,2435126.055736
2022-08-22 11:00:00+00:00,1.0,1.0,0.9999,1.0,4442592.756972
2022-08-22 12:00:00+00:00,1.0,1.0,0.9999,1.0,2415796.032052
2022-08-22 13:00:00+00:00,1.0,1.0,0.9999,1.0,2677765.177099
2022-08-22 14:00:00+00:00,1.0,1.0,0.9999,1.0,5641828.669301
2022-08-22 15:00:00+00:00,1.0,1.0,0.9999,1.0,12414914.352662
2022-08-22 16:00:00+00:00,1.0,1.0,0.9999,1.0,934952.911686
2022-08-22 17:00:00+00:00,1.0,1.0,0.9999,1.0,456931.207828
2022-08-22 18:00:00+00:00,0.9999,1.0,0.9998,0.9998,5949474.650025
2022-08-22 19:00:00+00:00,0.9999,0.9999,0.9998,0.9999,579892.440813
2022-08-22 20:00:00+00:00,0.9999,0.9999,0.9998,0.9999,723062.600687
2022-08-22 21:00:00+00:00,0.9999,0.9999,0.9998,0.9999,450435.664211
2022-08-22 22:00:00+00:00,0.9999,0.9999,0.9998,0.9999,736175.759105
2022-08-22 23:00:00+00:00,0.9999,0.9999,0.9998,0.9999,423000.909645
2022-08-23 00:00:00+00:00,0.9999,0.9999,0.9998,0.9999,1153376.960334
2022-08-23 01:00:00+00:00,0.9999,0.9999,0.9998,0.9999,356399.178502
2022-08-23 02:00:00+00:00,0.9999,0.9999,0.9998,0.9999,1864260.737209
2022-08-23 03:00:00+00:00,0.9999,0.9999,0.9998,0.9999,248079.856613
2022-08-23 04:00:00+00:00,0.9999,0.9999,0.9998,0.9999,871082.192035
2022-08-23 05:00:00+00:00,0.9999,0.9999,0.9998,0.9999,1991506.697431
2022-08-23 06:00:00+00:00,0.9999,0.9999,0.9998,0.9999,2260416.482025
2022-08-23 07:00:00+00:00,0.9999,0.9999,0.9998,0.9999,700043.059582
2022-08-23 08:00:00+00:00,0.9999,0.9999,0.9998,0.9999,4458431.224914
2022-08-23 09:00:00+00:00,0.9999,0.9999,0.9998,0.9999,1104997.828054
2022-08-23 10:00:00+00:00,0.9999,0.9999,0.9998,0.9999,4680418.033266
2022-08-23 11:00:00+00:00,0.9999,0.9999,0.9998,0.9999,5413323.023995
2022-08-23 12:00:00+00:00,0.9999,0.9999,0.9998,0.9999,1764129.879536
2022-08-23 13:00:00+00:00,0.9999,0.9999,0.9998,0.9999,1657287.232834
2022-08-23 14:00:00+00:00,0.9999,0.9999,0.9998,0.9999,1143881.824574
2022-08-23 15:00:00+00:00,0.9999,0.9999,0.9998,0.9998,1657054.01133
2022-08-23 16:00:00+00:00,0.9998,0.9999,0.9998,0.9999,1652631.559175
2022-08-23 17:00:00+00:00,0.9999,0.9999,0.9998,0.9999,1691516.217902
2022-08-23 18:00:00+00:00,0.9999,0.9999,0.9998,0.9999,624511.789503
2022-08-23 19:00:00+00:00,0.9999,0.9999,0.9998,0.9999,1756529.654912
2022-08-23 20:00:00+00:00,0.9999,0.9999,0.9998,0.9999,3328683.766556
2022-08-23 21:00:00+00:00,0.9999,0.9999,0.9998,0.9999,920311.985605
2022-08-23 22:00:00+00:00,0.9999,0.9999,0.9998,0.9999,518675.219936
2022-08-23 23:00:00+00:00,0.9999,0.9999,0.9998,0.9999,182953.269402
2022-08-24 00:00:00+00:00,0.9999,0.9999,0.9998,0.9999,440966.447767
2022-08-24 01:00:00+00:00,0.9999,0.9999,0.9998,0.9999,1375553.117584
2022-08-24 02:00:00+00:00,0.9999,0.9999,0.9998,0.9999,753546.14322
2022-08-24 03:00:00+00:00,0.9999,0.9999,0.9998,0.9999,235109.90516
2022-08-24 04:00:00+00:00,0.9999,0.9999,0.9998,0.9998,2439597.562355
2022-08-24 05:00:00+00:00,0.9998,0.9999,0.9998,0.9999,1191768.398064
2022-08-24 06:00:00+00:00,0.9999,0.9999,0.9998,0.9999,741930.351361
2022-08-24 07:00:00+00:00,0.9999,0.9999,0.9998,0.9999,1993772.321232
2022-08-24 08:00:00+00:00,0.9999,0.9999,0.9998,0.9999,1351313.53404
2022-08-24 09:00:00+00:00,0.9999,0.9999,0.9998,0.9999,3396632.036494
2022-08-24 10:00:00+00:00,0.9999,0.9999,0.9998,0.9999,5926231.709417
2022-08-24 11:00:00+00:00,0.9999,1.0,0.9998,1.0,3279099.292597
2022-08-24 12:00:00+00:00,1.0,1.0001,0.9999,1.0001,11655774.087425
2022-08-24 13:00:00+00:00,1.0001,1.0001,1.0,1.0001,1921964.945296
2022-08-24 14:00:00+00:00,1.0001,1.0001,1.0,1.0001,2293816.964368
2022-08-24 15:00:00+00:00,1.0001,1.0001,1.0,1.0001,1446244.679586
2022-08-24 16:00:00+00:00,1.0001,1.0001,1.0,1.0001,1165579.556639
2022-08-24 17:00:00+00:00,1.0001,1.0001,1.0,1.0001,598074.678375
2022-08-24 18:00:00+00:00,1.0001,1.0001,1.0,1.0001,11039347.943591
2022-08-24 19:00:00+00:00,1.0001,1.0001,1.0,1.0,281394.462299
2022-08-24 20:00:00+00:00,1.0,1.0001,1.0,1.0001,1074152.292436
2022-08-24 21:00:00+00:00,1.0001,1.0001,1.0,1.0001,743452.565716
2022-08-24 22:00:00+00:00,1.0001,1.0001,1.0,1.0001,449510.852154
2022-08-24 23:00:00+00:00,1.0001,1.0001,1.0,1.0001,219891.949099
2022-08-25 00:00:00+00:00,1.0001,1.0001,1.0,1.0001,365631.519528
2022-08-25 01:00:00+00:00,1.0001,1.0001,1.0,1.0001,313510.869408
2022-08-25 02:00:00+00:00,1.0001,1.0001,1.0,1.0001,642510.467191
2022-08-25 03:00:00+00:00,1.0001,1.0001,1.0,1.0001,328902.988884
2022-08-25 04:00:00+00:00,1.0001,1.0001,1.0,1.0001,740620.998368
2022-08-25 05:00:00+00:00,1.0001,1.0001,1.0,1.0001,475152.330085
2022-08-25 06:00:00+00:00,1.0001,1.0001,1.0,1.0001,1076142.773834
2022-08-25 07:00:00+00:00,1.0001,1.0001,1.0,1.0001,1083730.62393
2022-08-25 08:00:00+00:00,1.0001,1.0001,1.0,1.0001,4329606.713293
2022-08-25 09:00:00+00:00,1.0001,1.0001,1.0,1.0001,2316687.991932
2022-08-25 10:00:00+00:00,1.0001,1.0001,1.0,1.0001,666601.540058
2022-08-25 11:00:00+00:00,1.0001,1.0001,1.0,1.0001,6842026.413146
2022-08-25 12:00:00+00:00,1.0001,1.0001,1.0,1.0001,2029135.298053
2022-08-25 13:00:00+00:00,1.0001,1.0001,1.0,1.0001,933470.610683
2022-08-25 14:00:00+00:00,1.0001,1.0001,1.0,1.0001,910089.890278
2022-08-25 15:00:00+00:00,1.0001,1.0001,1.0,1.0001,2092782.634286
2022-08-25 16:00:00+00:00,1.0001,1.0001,1.0,1.0001,1207613.958044
2022-08-25 17:00:00+00:00,1.0001,1.0001,1.0,1.0001,2054096.607362
2022-08-25 18:00:00+00:00,1.0001,1.0001,1.0,1.0001,1650136.000631
2022-08-25 19:00:00+00:00,1.0001,1.0001,1.0,1.0001,2154732.605911
2022-08-25 20:00:00+00:00,1.0001,1.0001,1.0,1.0001,918580.850314
2022-08-25 21:00:00+00:00,1.0001,1.0001,1.0,1.0001,315980.878507
2022-08-25 22:00:00+00:00,1.0001,1.0001,1.0,1.0001,468770.259233
2022-08-25 23:00:00+00:00,1.0001,1.0001,1.0,1.0001,701292.850554
2022-08-26 00:00:00+00:00,1.0001,1.0001,1.0,1.0001,420696.074981
2022-08-26 01:00:00+00:00,1.0001,1.0001,1.0,1.0001,403093.528302
2022-08-26 02:00:00+00:00,1.0001,1.0001,1.0,1.0001,663801.858086
2022-08-26 03:00:00+00:00,1.0001,1.0001,1.0,1.0001,283594.656866
2022-08-26 04:00:00+00:00,1.0001,1.0001,1.0,1.0001,1716452.07457
2022-08-26 05:00:00+00:00,1.0001,1.0001,1.0,1.0001,2826811.0301
2022-08-26 06:00:00+00:00,1.0001,1.0001,1.0,1.0001,3310913.86819
2022-08-26 07:00:00+00:00,1.0001,1.0001,1.0,1.0,2716254.212323
2022-08-26 08:00:00+00:00,1.0,1.0001,1.0,1.0001,1036887.194256
2022-08-26 09:00:00+00:00,1.0001,1.0001,1.0,1.0,1911914.015745
2022-08-26 10:00:00+00:00,1.0,1.0001,1.0,1.0001,644577.185442
2022-08-26 11:00:00+00:00,1.0001,1.0001,1.0,1.0001,3492213.488425
2022-08-26 12:00:00+00:00,1.0001,1.0001,1.0,1.0001,1895613.264587
2022-08-26 13:00:00+00:00,1.0001,1.0001,1.0,1.0001,1932663.901193
2022-08-26 14:00:00+00:00,1.0001,1.0001,1.0,1.0001,1864123.839515
2022-08-26 15:00:00+00:00,1.0001,1.0001,1.0,1.0001,2953935.577267
2022-08-26 16:00:00+00:00,1.0001,1.0001,1.0,1.0001,1487081.809884
2022-08-26 17:00:00+00:00,1.0001,1.0001,1.0,1.0001,3154314.548573
2022-08-26 18:00:00+00:00,1.0001,1.0001,1.0,1.0001,1256585.253673
2022-08-26 19:00:00+00:00,1.0001,1.0001,1.0,1.0,999354.335147
2022-08-26 20:00:00+00:00,1.0,1.0001,1.0,1.0001,439593.690172
2022-08-26 21:00:00+00:00,1.0001,1.0001,1.0,1.0001,235276.019827
2022-08-26 22:00:00+00:00,1.0001,1.0001,1.0,1.0001,521124.141123
2022-08-26 23:00:00+00:00,1.0001,1.0001,1.0,1.0001,3055403.758956
2022-08-27 00:00:00+00:00,1.0001,1.0001,1.0,1.0001,447619.201077
2022-08-27 01:00:00+00:00,1.0001,1.0001,1.0,1.0001,397170.890931
2022-08-27 02:00:00+00:00,1.0001,1.0001,1.0,1.0001,308516.761778
2022-08-27 03:00:00+00:00,1.0001,1.0001,1.0,1.0001,520268.863442
2022-08-27 04:00:00+00:00,1.0001,1.0001,1.0,1.0001,426937.778413
2022-08-27 05:00:00+00:00,1.0001,1.0001,1.0,1.0001,636974.770069
2022-08-27 06:00:00+00:00,1.0001,1.0001,1.0,1.0001,517298.392154
2022-08-27 07:00:00+00:00,1.0001,1.0001,1.0,1.0001,404808.096638
2022-08-27 08:00:00+00:00,1.0001,1.0001,1.0,1.0001,2248599.875287
2022-08-27 09:00:00+00:00,1.0001,1.0001,1.0,1.0001,4386862.347044
2022-08-27 10:00:00+00:00,1.0001,1.0001,1.0,1.0001,722587.077538
2022-08-27 11:00:00+00:00,1.0001,1.0001,1.0,1.0001,356399.317675
2022-08-27 12:00:00+00:00,1.0001,1.0001,1.0,1.0001,448715.672082
2022-08-27 13:00:00+00:00,1.0001,1.0001,1.0,1.0001,295643.186696
2022-08-27 14:00:00+00:00,1.0001,1.0001,1.0,1.0001,553386.910112
2022-08-27 15:00:00+00:00,1.0001,1.0001,1.0,1.0001,1210630.314766
2022-08-27 16:00:00+00:00,1.0001,1.0001,1.0,1.0001,1608469.532904
2022-08-27 17:00:00+00:00,1.0001,1.0001,1.0,1.0001,272226.477962
2022-08-27 18:00:00+00:00,1.0001,1.0001,1.0,1.0001,285659.943159
2022-08-27 19:00:00+00:00,1.0001,1.0001,1.0,1.0001,256259.576099
2022-08-27 20:00:00+00:00,1.0001,1.0001,1.0,1.0001,94517.601741
2022-08-27 21:00:00+00:00,1.0001,1.0001,1.0,1.0,572796.646162
2022-08-27 22:00:00+00:00,1.0,1.0001,1.0,1.0001,289842.548734
2022-08-27 23:00:00+00:00,1.0001,1.0001,1.0,1.0001,214928.260774
2022-08-28 00:00:00+00:00,1.0001,1.0001,1.0,1.0001,623466.405262
2022-08-28 01:00:00+00:00,1.0001,1.0001,1.0,1.0001,120648.822459
2022-08-28 02:00:00+00:00,1.0001,1.0001,1.0,1.0001,4756859.668031
2022-08-28 03:00:00+00:00,1.0001,1.0001,1.0,1.0001,135472.17804
2022-08-28 04:00:00+00:00,1.0001,1.0001,1.0,1.0001,310582.182864
2022-08-28 05:00:00+00:00,1.0001,1.0001,1.0,1.0,262234.321743
2022-08-28 06:00:00+00:00,1.0,1.0001,1.0,1.0001,177477.431807
2022-08-28 07:00:00+00:00,1.0001,1.0001,1.0,1.0001,498702.457832
2022-08-28 08:00:00+00:00,1.0001,1.0001,1.0,1.0,599640.765122
2022-08-28 09:00:00+00:00,1.0,1.0001,1.0,1.0001,464604.612334
2022-08-28 10:00:00+00:00,1.0001,1.0001,1.0,1.0001,200868.152764
2022-08-28 11:00:00+00:00,1.0001,1.0001,1.0,1.0001,371368.565596
2022-08-28 12:00:00+00:00,1.0001,1.0001,1.0,1.0001,240307.677232
2022-08-28 13:00:00+00:00,1.0001,1.0001,1.0,1.0001,442754.930596
2022-08-28 14:00:00+00:00,1.0001,1.0001,1.0,1.0001,511217.718392
2022-08-28 15:00:00+00:00,1.0001,1.0001,1.0,1.0,297784.579471
2022-08-28 16:00:00+00:00,1.0,1.0001,1.0,1.0001,191167.124917
2022-08-28 17:00:00+00:00,1.0001,1.0001,1.0,1.0001,127035.653684
2022-08-28 18:00:00+00:00,1.0001,1.0001,1.0,1.0001,1460550.074632
2022-08-28 19:00:00+00:00,1.0001,1.0001,1.0,1.0001,98896.261439
2022-08-28 20:00:00+00:00,1.0001,1.0001,1.0,1.0001,178675.195741
2022-08-28 21:00:00+00:00,1.0001,1.0001,1.0,1.0001,324267.725868
2022-08-28 22:00:00+00:00,1.0001,1.0001,0.9999,1.0,17312707.145837
2022-08-28 23:00:00+00:00,1.0,1.0,0.9999,1.0,1829676.621789
2022-08-29 00:00:00+00:00,1.0,1.0,0.9999,1.0,808692.651911
2022-08-29 01:00:00+00:00,1.0,1.0,0.9999,1.0,378665.449433
2022-08-29 02:00:00+00:00,1.0,1.0,0.9999,1.0,744191.646464
2022-08-29 03:00:00+00:00,1.0,1.0,0.9999,1.0,669946.375234
2022-08-29 04:00:00+00:00,1.0,1.0,0.9999,1.0,2492790.423979
2022-08-29 05:00:00+00:00,1.0,1.0,0.9999,1.0,1190670.209982
2022-08-29 06:00:00+00:00,1.0,1.0,0.9999,0.9999,714322.525218
2022-08-29 07:00:00+00:00,0.9999,1.0,0.9999,1.0,2769428.626443
2022-08-29 08:00:00+00:00,1.0,1.0,0.9999,1.0,1954841.50935
2022-08-29 09:00:00+00:00,1.0,1.0,0.9999,1.0,2141636.309388
2022-08-29 10:00:00+00:00,1.0,1.0,0.9999,1.0,3244200.844327
2022-08-29 11:00:00+00:00,1.0,1.0,0.9999,1.0,7332944.741026
2022-08-29 12:00:00+00:00,1.0,1.0,0.9999,1.0,8729857.329565
2022-08-29 13:00:00+00:00,1.0,1.0,0.9999,1.0,2046204.66847
2022-08-29 14:00:00+00:00,1.0,1.0,0.9999,1.0,6194455.760753
2022-08-29 15:00:00+00:00,1.0,1.0,0.9999,1.0,7816521.965078
2022-08-29 16:00:00+00:00,1.0,1.0,0.9999,1.0,3796444.350047
2022-08-29 17:00:00+00:00,1.0,1.0,0.9999,1.0,3505104.466099
2022-08-29 18:00:00+00:00,1.0,1.0,0.9999,1.0,722765.123712
2022-08-29 19:00:00+00:00,1.0,1.0,0.9999,1.0,1710195.550793
2022-08-29 20:00:00+00:00,1.0,1.0,0.9999,1.0,1310399.660066
2022-08-29 21:00:00+00:00,1.0,1.0,0.9999,1.0,132943.210342
2022-08-29 22:00:00+00:00,1.0,1.0,0.9999,1.0,423078.281198
2022-08-29 23:00:00+00:00,1.0,1.0,0.9999,1.0,450386.363251
2022-08-30 00:00:00+00:00,1.0,1.0,0.9999,1.0,1303237.733343
2022-08-30 01:00:00+00:00,1.0,1.0,0.9999,1.0,353367.861209
2022-08-30 02:00:00+00:00,1.0,1.0,0.9999,1.0,526258.457805
2022-08-30 03:00:00+00:00,1.0,1.0,0.9999,1.0,358236.154004
2022-08-30 04:00:00+00:00,1.0,1.0,0.9999,1.0,2854437.005844
2022-08-30 05:00:00+00:00,1.0,1.0,0.9999,1.0,592209.471141
2022-08-30 06:00:00+00:00,1.0,1.0,0.9999,1.0,566693.612269
2022-08-30 07:00:00+00:00,1.0,1.0001,0.9999,1.0001,12582791.631712
2022-08-30 08:00:00+00:00,1.0001,1.0001,1.0,1.0,2622150.610415
2022-08-30 09:00:00+00:00,1.0,1.0001,1.0,1.0001,941068.288905
2022-08-30 10:00:00+00:00,1.0001,1.0001,1.0,1.0001,1086910.951022
2022-08-30 11:00:00+00:00,1.0001,1.0001,1.0,1.0001,546198.380298
2022-08-30 12:00:00+00:00,1.0001,1.0001,1.0,1.0001,2215885.669957
2022-08-30 13:00:00+00:00,1.0001,1.0001,1.0,1.0001,2346959.125071
2022-08-30 14:00:00+00:00,1.0001,1.0001,1.0,1.0001,2485886.291319
2022-08-30 15:00:00+00:00,1.0001,1.0001,1.0,1.0001,2432984.244839
2022-08-30 16:00:00+00:00,1.0001,1.0001,1.0,1.0001,3292683.164666
2022-08-30 17:00:00+00:00,1.0001,1.0001,1.0,1.0001,1555961.524356
2022-08-30 18:00:00+00:00,1.0001,1.0001,1.0,1.0001,740334.494753
2022-08-30 19:00:00+00:00,1.0001,1.0001,1.0,1.0001,535944.157058
2022-08-30 20:00:00+00:00,1.0001,1.0001,1.0,1.0001,505965.942673
2022-08-30 21:00:00+00:00,1.0001,1.0001,1.0,1.0001,568297.702186
2022-08-30 22:00:00+00:00,1.0001,1.0001,1.0,1.0001,650677.213987
2022-08-30 23:00:00+00:00,1.0001,1.0001,1.0,1.0001,157603.659349
2022-08-31 00:00:00+00:00,1.0001,1.0001,1.0,1.0001,206970.30224
2022-08-31 01:00:00+00:00,1.0001,1.0001,1.0,1.0001,1269372.296314
2022-08-31 02:00:00+00:00,1.0001,1.0001,1.0,1.0001,540702.860054
2022-08-31 03:00:00+00:00,1.0001,1.0001,1.0,1.0001,552904.598988
2022-08-31 04:00:00+00:00,1.0001,1.0001,1.0,1.0001,2504371.584722
2022-08-31 05:00:00+00:00,1.0001,1.0001,1.0,1.0001,1050191.061565
2022-08-31 06:00:00+00:00,1.0001,1.0001,1.0,1.0001,2924161.580472
2022-08-31 07:00:00+00:00,1.0001,1.0001,1.0,1.0001,3965192.785128
2022-08-31 08:00:00+00:00,1.0001,1.0001,1.0,1.0001,1562605.732308
2022-08-31 09:00:00+00:00,1.0001,1.0001,1.0,1.0001,2503866.600887
2022-08-31 10:00:00+00:00,1.0001,1.0001,1.0,1.0,2188414.118455
2022-08-31 11:00:00+00:00,1.0,1.0001,1.0,1.0001,3038435.224927
2022-08-31 12:00:00+00:00,1.0001,1.0001,1.0,1.0001,2385310.03246
2022-08-31 13:00:00+00:00,1.0001,1.0001,1.0,1.0001,3232570.219314
2022-08-31 14:00:00+00:00,1.0001,1.0001,1.0,1.0001,2534844.37059
2022-08-31 15:00:00+00:00,1.0001,1.0001,1.0,1.0001,2993804.547599
2022-08-31 16:00:00+00:00,1.0001,1.0001,1.0,1.0001,2625617.170361
2022-08-31 17:00:00+00:00,1.0001,1.0001,1.0,1.0001,428962.624623
2022-08-31 18:00:00+00:00,1.0001,1.0001,1.0,1.0001,919239.788647
2022-08-31 19:00:00+00:00,1.0001,1.0001,1.0,1.0001,559171.284049
2022-08-31 20:00:00+00:00,1.0001,1.0001,1.0,1.0001,563414.893399
2022-08-31 21:00:00+00:00,1.0001,1.0001,1.0,1.0001,2805517.906963
2022-08-31 22:00:00+00:00,1.0001,1.0001,1.0,1.0001,974820.258117
2022-08-31 23:00:00+00:00,1.0001,1.0001,1.0,1.0001,298481.852498
2022-09-01 00:00:00+00:00,1.0001,1.0001,1.0,1.0001,1419213.560829
2022-09-01 01:00:00+00:00,1.0001,1.0001,1.0,1.0001,341596.609586
2022-09-01 02:00:00+00:00,1.0001,1.0001,1.0,1.0001,4047146.357714
2022-09-01 03:00:00+00:00,1.0001,1.0001,1.0,1.0001,1069843.503675
2022-09-01 04:00:00+00:00,1.0001,1.0001,1.0,1.0,4702127.070859
2022-09-01 05:00:00+00:00,1.0,1.0001,1.0,1.0001,751798.422777
2022-09-01 06:00:00+00:00,1.0001,1.0001,1.0,1.0001,1252746.84094
2022-09-01 07:00:00+00:00,1.0001,1.0001,1.0,1.0001,2685457.033838
2022-09-01 08:00:00+00:00,1.0001,1.0001,1.0,1.0001,2284617.422331
2022-09-01 09:00:00+00:00,1.0001,1.0001,1.0,1.0001,2975833.539501
2022-09-01 10:00:00+00:00,1.0001,1.0001,1.0,1.0001,818927.738944
2022-09-01 11:00:00+00:00,1.0001,1.0001,1.0,1.0001,1152372.095479
2022-09-01 12:00:00+00:00,1.0001,1.0001,1.0,1.0001,5516225.907132
2022-09-01 13:00:00+00:00,1.0001,1.0001,1.0,1.0001,1760221.331752
2022-09-01 14:00:00+00:00,1.0001,1.0001,1.0,1.0001,7409701.192515
2022-09-01 15:00:00+00:00,1.0001,1.0001,1.0,1.0001,1725438.922737
2022-09-01 16:00:00+00:00,1.0001,1.0001,1.0,1.0001,1384930.105821
2022-09-01 17:00:00+00:00,1.0001,1.0001,1.0,1.0001,625304.215327
2022-09-01 18:00:00+00:00,1.0,1.0001,1.0,1.0001,3137724.410689
2022-09-01 19:00:00+00:00,1.0001,1.0001,1.0,1.0001,591052.262546
2022-09-01 20:00:00+00:00,1.0001,1.0001,1.0,1.0001,621078.879951
2022-09-01 21:00:00+00:00,1.0001,1.0001,1.0,1.0001,3443282.460906
2022-09-01 22:00:00+00:00,1.0001,1.0001,1.0,1.0001,3528616.4759
2022-09-01 23:00:00+00:00,1.0001,1.0001,1.0,1.0001,71902.175886
2022-09-02 00:00:00+00:00,1.0001,1.0001,1.0,1.0001,212216.76823
2022-09-02 01:00:00+00:00,1.0001,1.0001,1.0,1.0001,895674.903132
2022-09-02 02:00:00+00:00,1.0001,1.0001,1.0,1.0001,505874.863975
2022-09-02 03:00:00+00:00,1.0001,1.0001,1.0,1.0001,670169.600374
2022-09-02 04:00:00+00:00,1.0001,1.0001,1.0,1.0001,1731077.994674
2022-09-02 05:00:00+00:00,1.0001,1.0001,1.0,1.0001,1450172.741438
2022-09-02 06:00:00+00:00,1.0001,1.0001,1.0,1.0001,412872.37877
2022-09-02 07:00:00+00:00,1.0001,1.0001,1.0,1.0001,1583180.230978
2022-09-02 08:00:00+00:00,1.0001,1.0001,1.0,1.0001,1005237.954113
2022-09-02 09:00:00+00:00,1.0001,1.0001,1.0,1.0001,1079976.697171
2022-09-02 10:00:00+00:00,1.0001,1.0001,1.0,1.0001,2259658.108554
2022-09-02 11:00:00+00:00,1.0001,1.0001,1.0,1.0001,5619675.515048
2022-09-02 12:00:00+00:00,1.0001,1.0001,1.0,1.0001,2062830.174881
2022-09-02 13:00:00+00:00,1.0001,1.0001,1.0,1.0001,5579424.89841
2022-09-02 14:00:00+00:00,1.0001,1.0001,1.0,1.0001,3311354.348459
2022-09-02 15:00:00+00:00,1.0001,1.0001,1.0,1.0,2837702.786265
2022-09-02 16:00:00+00:00,1.0001,1.0001,1.0,1.0,571149.370651
2022-09-02 17:00:00+00:00,1.0,1.0001,1.0,1.0001,1758830.07777
2022-09-02 18:00:00+00:00,1.0001,1.0001,1.0,1.0001,1249853.426652
2022-09-02 19:00:00+00:00,1.0001,1.0001,1.0,1.0001,3017578.951377
2022-09-02 20:00:00+00:00,1.0001,1.0001,1.0,1.0,369706.953581
2022-09-02 21:00:00+00:00,1.0001,1.0001,1.0,1.0,152412.281641
2022-09-02 22:00:00+00:00,1.0,1.0001,1.0,1.0,950304.855298
2022-09-02 23:00:00+00:00,1.0,1.0001,1.0,1.0,155911.312288
2022-09-03 00:00:00+00:00,1.0001,1.0001,1.0,1.0,220773.562464
2022-09-03 01:00:00+00:00,1.0,1.0001,1.0,1.0,157719.68617
2022-09-03 02:00:00+00:00,1.0,1.0001,1.0,1.0,144295.869326
2022-09-03 03:00:00+00:00,1.0,1.0001,1.0,1.0,225123.622517
2022-09-03 04:00:00+00:00,1.0,1.0001,1.0,1.0,63339.792724
2022-09-03 05:00:00+00:00,1.0,1.0001,1.0,1.0,749469.55948
2022-09-03 06:00:00+00:00,1.0,1.0001,1.0,1.0,287673.315358
2022-09-03 07:00:00+00:00,1.0,1.0001,1.0,1.0,249609.507875
2022-09-03 08:00:00+00:00,1.0001,1.0001,1.0,1.0,253894.91989
2022-09-03 09:00:00+00:00,1.0,1.0001,1.0,1.0,133845.075399
2022-09-03 10:00:00+00:00,1.0,1.0001,1.0,1.0,2373998.931284
2022-09-03 11:00:00+00:00,1.0,1.0001,1.0,1.0,227660.212908
2022-09-03 12:00:00+00:00,1.0,1.0001,1.0,1.0001,266005.004218
2022-09-03 13:00:00+00:00,1.0001,1.0001,1.0,1.0,327674.923383
2022-09-03 14:00:00+00:00,1.0,1.0001,1.0,1.0,129893.475625
2022-09-03 15:00:00+00:00,1.0,1.0001,1.0,1.0,200793.583583
2022-09-03 16:00:00+00:00,1.0,1.0001,1.0,1.0,111316.313798
2022-09-03 17:00:00+00:00,1.0,1.0001,1.0,1.0,229625.602912
2022-09-03 18:00:00+00:00,1.0,1.0001,1.0,1.0,136954.891741
2022-09-03 19:00:00+00:00,1.0,1.0001,1.0,1.0,218907.970477
2022-09-03 20:00:00+00:00,1.0,1.0001,1.0,1.0,96027.788043
2022-09-03 21:00:00+00:00,1.0,1.0001,1.0,1.0,129080.324378
2022-09-03 22:00:00+00:00,1.0,1.0001,1.0,1.0,131205.833353
2022-09-03 23:00:00+00:00,1.0,1.0001,1.0,1.0,34061.396227
2022-09-04 00:00:00+00:00,1.0,1.0001,1.0,1.0,33111.5283
2022-09-04 01:00:00+00:00,1.0,1.0001,1.0,1.0001,37072.60815
2022-09-04 02:00:00+00:00,1.0,1.0001,1.0,1.0,37160.611201
2022-09-04 03:00:00+00:00,1.0,1.0001,1.0,1.0,96860.95935
2022-09-04 04:00:00+00:00,1.0,1.0001,1.0,1.0,131561.161308
2022-09-04 05:00:00+00:00,1.0,1.0001,1.0,1.0,96437.15981
2022-09-04 06:00:00+00:00,1.0001,1.0001,1.0,1.0,493774.734848
2022-09-04 07:00:00+00:00,1.0,1.0001,1.0,1.0,164295.677369
2022-09-04 08:00:00+00:00,1.0,1.0001,1.0,1.0,360829.170256
2022-09-04 09:00:00+00:00,1.0,1.0001,1.0,1.0,234678.613969
2022-09-04 10:00:00+00:00,1.0,1.0001,1.0,1.0,270788.716362
2022-09-04 11:00:00+00:00,1.0,1.0001,1.0,1.0,4025929.366895
2022-09-04 12:00:00+00:00,1.0,1.0001,1.0,1.0,310253.629544
2022-09-04 13:00:00+00:00,1.0,1.0001,1.0,1.0,518319.583664
2022-09-04 14:00:00+00:00,1.0,1.0001,1.0,1.0,223678.108075
2022-09-04 15:00:00+00:00,1.0,1.0001,1.0,1.0,297530.235744
2022-09-04 16:00:00+00:00,1.0,1.0001,1.0,1.0,352990.933724
2022-09-04 17:00:00+00:00,1.0,1.0001,1.0,1.0,262821.853021
2022-09-04 18:00:00+00:00,1.0,1.0001,1.0,1.0,208112.093099
2022-09-04 19:00:00+00:00,1.0,1.0001,1.0,1.0,82150.878805
2022-09-04 20:00:00+00:00,1.0,1.0001,1.0,1.0,258019.161067
2022-09-04 21:00:00+00:00,1.0,1.0001,1.0,1.0,360840.796094
2022-09-04 22:00:00+00:00,1.0,1.0001,1.0,1.0,56869.636411
2022-09-04 23:00:00+00:00,1.0,1.0001,1.0,1.0,257768.907803
2022-09-05 00:00:00+00:00,1.0,1.0001,1.0,1.0,109357.418335
2022-09-05 01:00:00+00:00,1.0001,1.0001,1.0,1.0,421025.447063
2022-09-05 02:00:00+00:00,1.0,1.0001,1.0,1.0,218833.082557
2022-09-05 03:00:00+00:00,1.0,1.0001,1.0,1.0,205934.89956
2022-09-05 04:00:00+00:00,1.0,1.0001,1.0,1.0,1560028.074731
2022-09-05 05:00:00+00:00,1.0,1.0001,1.0,1.0,728782.565481
2022-09-05 06:00:00+00:00,1.0,1.0001,1.0,1.0,739722.542188
2022-09-05 07:00:00+00:00,1.0001,1.0001,1.0,1.0,5998403.143572
2022-09-05 08:00:00+00:00,1.0,1.0001,1.0,1.0,431272.01706
2022-09-05 09:00:00+00:00,1.0001,1.0001,1.0,1.0,3386115.449857
2022-09-05 10:00:00+00:00,1.0001,1.0001,1.0,1.0,1093416.738563
2022-09-05 11:00:00+00:00,1.0,1.0001,1.0,1.0,865181.256853
2022-09-05 12:00:00+00:00,1.0001,1.0001,1.0,1.0,2052066.115731
2022-09-05 13:00:00+00:00,1.0,1.0001,1.0,1.0,1409096.038242
2022-09-05 14:00:00+00:00,1.0,1.0001,1.0,1.0,873991.049278
2022-09-05 15:00:00+00:00,1.0001,1.0001,1.0,1.0,968420.974738
2022-09-05 16:00:00+00:00,1.0,1.0001,1.0,1.0,1062436.965829
2022-09-05 17:00:00+00:00,1.0001,1.0001,1.0,1.0,257192.506846
2022-09-05 18:00:00+00:00,1.0,1.0001,1.0,1.0,3256304.228484
2022-09-05 19:00:00+00:00,1.0,1.0001,1.0,1.0001,1490836.192737
2022-09-05 20:00:00+00:00,1.0001,1.0001,1.0,1.0001,2052628.48607
2022-09-05 21:00:00+00:00,1.0001,1.0001,1.0,1.0001,1751909.57116
2022-09-05 22:00:00+00:00,1.0001,1.0001,1.0,1.0001,514074.975398
2022-09-05 23:00:00+00:00,1.0001,1.0001,1.0,1.0001,1041882.973759
2022-09-06 00:00:00+00:00,1.0001,1.0001,1.0,1.0001,1486442.820664
2022-09-06 01:00:00+00:00,1.0001,1.0001,1.0,1.0001,1323507.69781
2022-09-06 02:00:00+00:00,1.0001,1.0001,1.0,1.0001,1724984.389624
2022-09-06 03:00:00+00:00,1.0001,1.0001,1.0,1.0001,581636.81861
2022-09-06 04:00:00+00:00,1.0001,1.0001,1.0,1.0001,3585478.872533
2022-09-06 05:00:00+00:00,1.0001,1.0001,1.0,1.0001,983370.745216
2022-09-06 06:00:00+00:00,1.0001,1.0001,1.0,1.0001,2043243.543202
2022-09-06 07:00:00+00:00,1.0,1.0001,1.0,1.0001,5296999.561953
2022-09-06 08:00:00+00:00,1.0001,1.0001,0.9999,1.0,13216880.793118
2022-09-06 09:00:00+00:00,1.0,1.0,0.9999,1.0,5432966.13846
2022-09-06 10:00:00+00:00,1.0,1.0,0.9999,1.0,8986264.184149
2022-09-06 11:00:00+00:00,1.0,1.0,0.9999,1.0,6757030.356647
2022-09-06 12:00:00+00:00,1.0,1.0,0.9999,1.0,3242674.147341
2022-09-06 13:00:00+00:00,1.0,1.0,0.9999,1.0,3332546.836371
2022-09-06 14:00:00+00:00,1.0,1.0,0.9999,1.0,2725559.832263
2022-09-06 15:00:00+00:00,1.0,1.0,0.9999,1.0,915897.169835
2022-09-06 16:00:00+00:00,1.0,1.0,0.9999,1.0,4394292.604139
2022-09-06 17:00:00+00:00,1.0,1.0,0.9999,1.0,3786624.837319
2022-09-06 18:00:00+00:00,1.0,1.0,0.9999,1.0,1818764.9874
2022-09-06 19:00:00+00:00,1.0,1.0,0.9999,1.0,1014543.417325
2022-09-06 20:00:00+00:00,1.0,1.0,0.9999,1.0,1086299.511938
2022-09-06 21:00:00+00:00,1.0,1.0,0.9999,1.0,1015504.135525
2022-09-06 22:00:00+00:00,1.0,1.0,0.9999,1.0,1966114.820266
2022-09-06 23:00:00+00:00,1.0,1.0,0.9999,1.0,875133.675117
2022-09-07 00:00:00+00:00,1.0,1.0,0.9999,1.0,823718.953214
2022-09-07 01:00:00+00:00,1.0,1.0,0.9999,1.0,1632561.360665
2022-09-07 02:00:00+00:00,1.0,1.0,0.9999,1.0,1899008.905277
2022-09-07 03:00:00+00:00,1.0,1.0,0.9999,1.0,1086438.762071
2022-09-07 04:00:00+00:00,1.0,1.0,0.9999,1.0,2175802.919029
2022-09-07 05:00:00+00:00,1.0,1.0,0.9999,1.0,432761.655354
2022-09-07 06:00:00+00:00,1.0,1.0,0.9999,1.0,1085741.491328
2022-09-07 07:00:00+00:00,1.0,1.0,0.9999,1.0,1560258.354718
2022-09-07 08:00:00+00:00,1.0,1.0,0.9999,1.0,14386960.17956
2022-09-07 09:00:00+00:00,1.0,1.0,0.9999,1.0,2597899.172694
2022-09-07 10:00:00+00:00,1.0,1.0,0.9999,1.0,1640916.114491
2022-09-07 11:00:00+00:00,1.0,1.0,0.9999,1.0,2363606.404884
2022-09-07 12:00:00+00:00,1.0,1.0,0.9999,1.0,3315930.53922
2022-09-07 13:00:00+00:00,1.0,1.0,0.9999,1.0,1761986.495075
2022-09-07 14:00:00+00:00,1.0,1.0,0.9999,1.0,6735881.386002
2022-09-07 15:00:00+00:00,1.0,1.0,0.9999,1.0,4023857.484607
2022-09-07 16:00:00+00:00,1.0,1.0,0.9999,1.0,3205872.241138
2022-09-07 17:00:00+00:00,1.0,1.0,0.9999,1.0,968612.272233
2022-09-07 18:00:00+00:00,1.0,1.0,0.9999,1.0,712171.877283
2022-09-07 19:00:00+00:00,1.0,1.0,0.9999,1.0,686604.386729
2022-09-07 20:00:00+00:00,1.0,1.0,0.9999,1.0,750998.52919
2022-09-07 21:00:00+00:00,1.0,1.0,0.9999,1.0,876294.984853
2022-09-07 22:00:00+00:00,1.0,1.0,0.9999,1.0,353976.418265
2022-09-07 23:00:00+00:00,1.0,1.0,0.9999,1.0,2324191.901705
2022-09-08 00:00:00+00:00,1.0,1.0,0.9999,1.0,1049897.256903
2022-09-08 01:00:00+00:00,1.0,1.0,0.9999,1.0,449625.238167
2022-09-08 02:00:00+00:00,1.0,1.0,0.9999,1.0,375591.393753
2022-09-08 03:00:00+00:00,1.0,1.0,0.9999,1.0,167243.014588
2022-09-08 04:00:00+00:00,1.0,1.0,0.9999,1.0,899287.59558
2022-09-08 05:00:00+00:00,1.0,1.0,0.9999,1.0,2541325.481945
2022-09-08 06:00:00+00:00,1.0,1.0,0.9999,1.0,1256736.029213
2022-09-08 07:00:00+00:00,1.0,1.0,0.9999,1.0,2087535.181869
2022-09-08 08:00:00+00:00,1.0,1.0,0.9999,1.0,2471640.583949
2022-09-08 09:00:00+00:00,1.0,1.0,0.9999,1.0,7283055.175425
2022-09-08 10:00:00+00:00,1.0,1.0,0.9999,1.0,3125229.102653
2022-09-08 11:00:00+00:00,1.0,1.0,0.9999,1.0,2945944.023292
2022-09-08 12:00:00+00:00,1.0,1.0,0.9999,1.0,2533791.158407
2022-09-08 13:00:00+00:00,1.0,1.0,0.9999,1.0,2249928.097592
2022-09-08 14:00:00+00:00,1.0,1.0,0.9999,1.0,2316271.653749
2022-09-08 15:00:00+00:00,1.0,1.0,0.9999,1.0,4488706.269698
2022-09-08 16:00:00+00:00,1.0,1.0,0.9999,1.0,1142613.434102
2022-09-08 17:00:00+00:00,1.0,1.0,0.9999,1.0,1232496.986308
2022-09-08 18:00:00+00:00,1.0,1.0,0.9999,1.0,2647408.270287
2022-09-08 19:00:00+00:00,1.0,1.0,0.9999,1.0,6317270.471947
2022-09-08 20:00:00+00:00,1.0,1.0,0.9999,1.0,886922.230446
2022-09-08 21:00:00+00:00,1.0,1.0,0.9999,1.0,3123326.963221
2022-09-08 22:00:00+00:00,1.0,1.0,0.9999,1.0,341383.225971
2022-09-08 23:00:00+00:00,1.0,1.0,0.9999,0.9999,152922.083732
2022-09-09 00:00:00+00:00,1.0,1.0,0.9999,1.0,1368915.91181
2022-09-09 01:00:00+00:00,1.0,1.0,0.9999,1.0,585180.965361
2022-09-09 02:00:00+00:00,1.0,1.0,0.9999,1.0,2726604.569674
2022-09-09 03:00:00+00:00,1.0,1.0,0.9999,1.0,1894888.636207
2022-09-09 04:00:00+00:00,1.0,1.0,0.9999,1.0,1598296.992343
2022-09-09 05:00:00+00:00,0.9999,1.0,0.9999,1.0,3098279.142109
2022-09-09 06:00:00+00:00,1.0,1.0001,0.9999,1.0001,5735032.909923
2022-09-09 07:00:00+00:00,1.0001,1.0001,1.0,1.0001,6476878.906519
2022-09-09 08:00:00+00:00,1.0001,1.0001,1.0,1.0001,3094749.94508
2022-09-09 09:00:00+00:00,1.0001,1.0001,1.0,1.0001,4907566.186912
2022-09-09 10:00:00+00:00,1.0001,1.0001,1.0,1.0001,3093624.013471
2022-09-09 11:00:00+00:00,1.0001,1.0002,1.0,1.0002,2087981.208012
2022-09-09 12:00:00+00:00,1.0002,1.0002,1.0001,1.0002,6042491.037083
2022-09-09 13:00:00+00:00,1.0002,1.0002,1.0001,1.0002,3128463.375267
2022-09-09 14:00:00+00:00,1.0002,1.0002,1.0001,1.0002,2946854.677302
2022-09-09 15:00:00+00:00,1.0002,1.0002,1.0001,1.0002,1610955.840124
2022-09-09 16:00:00+00:00,1.0002,1.0002,1.0001,1.0002,1411276.28703
2022-09-09 17:00:00+00:00,1.0002,1.0002,1.0001,1.0002,2837782.158004
2022-09-09 18:00:00+00:00,1.0002,1.0002,1.0001,1.0001,471577.691879
2022-09-09 19:00:00+00:00,1.0001,1.0002,1.0001,1.0002,2166915.823471
2022-09-09 20:00:00+00:00,1.0002,1.0002,1.0001,1.0002,746879.169
2022-09-09 21:00:00+00:00,1.0002,1.0002,1.0001,1.0002,1196966.579886
2022-09-09 22:00:00+00:00,1.0002,1.0002,1.0001,1.0002,804257.879819
2022-09-09 23:00:00+00:00,1.0002,1.0002,1.0001,1.0002,415327.315791
2022-09-10 00:00:00+00:00,1.0002,1.0002,1.0001,1.0002,355044.657763
2022-09-10 01:00:00+00:00,1.0002,1.0002,1.0001,1.0002,910439.604813
2022-09-10 02:00:00+00:00,1.0002,1.0002,1.0001,1.0002,2274230.88006
2022-09-10 03:00:00+00:00,1.0002,1.0002,1.0001,1.0002,3262306.685158
2022-09-10 04:00:00+00:00,1.0002,1.0002,1.0001,1.0002,1838372.320682
2022-09-10 05:00:00+00:00,1.0002,1.0003,1.0001,1.0003,588438.222449
2022-09-10 06:00:00+00:00,1.0003,1.0003,1.0002,1.0003,760789.670263
2022-09-10 07:00:00+00:00,1.0003,1.0003,1.0002,1.0003,450832.501936
2022-09-10 08:00:00+00:00,1.0003,1.0003,1.0002,1.0003,348522.192641
2022-09-10 09:00:00+00:00,1.0003,1.0004,1.0002,1.0004,790518.022209
2022-09-10 10:00:00+00:00,1.0004,1.0004,1.0003,1.0004,1273748.930399
2022-09-10 11:00:00+00:00,1.0004,1.0004,1.0003,1.0004,517631.370172
2022-09-10 12:00:00+00:00,1.0004,1.0004,1.0003,1.0004,481777.225955
2022-09-10 13:00:00+00:00,1.0004,1.0004,1.0003,1.0004,424909.270055
2022-09-10 14:00:00+00:00,1.0004,1.0004,1.0003,1.0004,227347.578083
2022-09-10 15:00:00+00:00,1.0004,1.0004,1.0003,1.0004,235649.158113
2022-09-10 16:00:00+00:00,1.0004,1.0004,1.0003,1.0004,424919.783053
2022-09-10 17:00:00+00:00,1.0004,1.0004,1.0003,1.0004,822526.839918
2022-09-10 18:00:00+00:00,1.0004,1.0004,1.0003,1.0004,871881.598975
2022-09-10 19:00:00+00:00,1.0004,1.0004,1.0003,1.0004,291670.694067
2022-09-10 20:00:00+00:00,1.0004,1.0004,1.0003,1.0004,463606.096493
2022-09-10 21:00:00+00:00,1.0003,1.0004,1.0003,1.0004,849189.773858
2022-09-10 22:00:00+00:00,1.0003,1.0004,1.0003,1.0004,1632295.250976
2022-09-10 23:00:00+00:00,1.0004,1.0004,1.0003,1.0004,824798.395648
2022-09-11 00:00:00+00:00,1.0004,1.0004,1.0003,1.0004,455679.158515
2022-09-11 01:00:00+00:00,1.0004,1.0004,1.0003,1.0004,490771.443545
2022-09-11 02:00:00+00:00,1.0004,1.0004,1.0003,1.0004,264455.405636
2022-09-11 03:00:00+00:00,1.0004,1.0004,1.0003,1.0004,172788.580349
2022-09-11 04:00:00+00:00,1.0004,1.0004,1.0003,1.0004,91465.199718
2022-09-11 05:00:00+00:00,1.0004,1.0004,1.0003,1.0004,147343.773875
2022-09-11 06:00:00+00:00,1.0004,1.0004,1.0003,1.0004,596316.758338
2022-09-11 07:00:00+00:00,1.0004,1.0004,1.0003,1.0004,367216.3385
2022-09-11 08:00:00+00:00,1.0004,1.0004,1.0003,1.0004,795255.043672
2022-09-11 09:00:00+00:00,1.0004,1.0004,1.0003,1.0004,681577.262613
2022-09-11 10:00:00+00:00,1.0004,1.0004,1.0003,1.0004,564279.110156
2022-09-11 11:00:00+00:00,1.0004,1.0004,1.0003,1.0004,425642.543141
2022-09-11 12:00:00+00:00,1.0004,1.0004,1.0003,1.0004,1344944.864936
2022-09-11 13:00:00+00:00,1.0004,1.0004,1.0003,1.0004,597831.341483
2022-09-11 14:00:00+00:00,1.0004,1.0004,1.0003,1.0004,686044.16733
2022-09-11 15:00:00+00:00,1.0004,1.0004,1.0003,1.0004,332212.888229
2022-09-11 16:00:00+00:00,1.0004,1.0004,1.0003,1.0004,1053480.015084
2022-09-11 17:00:00+00:00,1.0004,1.0004,1.0003,1.0004,557057.436104
2022-09-11 18:00:00+00:00,1.0004,1.0004,1.0003,1.0004,387026.636333
2022-09-11 19:00:00+00:00,1.0004,1.0004,1.0002,1.0003,10095239.922186
2022-09-11 20:00:00+00:00,1.0003,1.0003,1.0002,1.0003,1225828.715087
2022-09-11 21:00:00+00:00,1.0003,1.0003,1.0002,1.0003,400962.747672
2022-09-11 22:00:00+00:00,1.0003,1.0003,1.0002,1.0003,626263.074185
2022-09-11 23:00:00+00:00,1.0003,1.0003,1.0002,1.0003,275290.584606
2022-09-12 00:00:00+00:00,1.0003,1.0003,1.0002,1.0003,245700.586541
2022-09-12 01:00:00+00:00,1.0003,1.0003,1.0002,1.0003,769680.453097
2022-09-12 02:00:00+00:00,1.0003,1.0003,1.0002,1.0003,2497023.508138
2022-09-12 03:00:00+00:00,1.0003,1.0003,1.0002,1.0003,859187.63559
2022-09-12 04:00:00+00:00,1.0003,1.0003,1.0002,1.0003,3053692.161736
2022-09-12 05:00:00+00:00,1.0003,1.0003,1.0002,1.0003,255595.096503
2022-09-12 06:00:00+00:00,1.0003,1.0003,1.0002,1.0003,268802.615033
2022-09-12 07:00:00+00:00,1.0003,1.0003,1.0002,1.0003,1230345.526654
2022-09-12 08:00:00+00:00,1.0003,1.0003,1.0002,1.0003,824017.386722
2022-09-12 09:00:00+00:00,1.0003,1.0003,1.0002,1.0002,4480843.465324
2022-09-12 10:00:00+00:00,1.0002,1.0003,1.0002,1.0003,4999682.148914
2022-09-12 11:00:00+00:00,1.0003,1.0003,1.0002,1.0003,906053.876699
2022-09-12 12:00:00+00:00,1.0003,1.0003,1.0002,1.0003,2946689.271406
2022-09-12 13:00:00+00:00,1.0003,1.0003,1.0002,1.0003,4188489.242841
2022-09-12 14:00:00+00:00,1.0003,1.0003,1.0002,1.0003,4619072.547742
2022-09-12 15:00:00+00:00,1.0003,1.0003,1.0002,1.0003,2298570.177297
2022-09-12 16:00:00+00:00,1.0003,1.0003,1.0002,1.0003,3742029.262344
2022-09-12 17:00:00+00:00,1.0003,1.0003,1.0002,1.0003,740596.461394
2022-09-12 18:00:00+00:00,1.0003,1.0003,1.0002,1.0003,3859394.334463
2022-09-12 19:00:00+00:00,1.0003,1.0003,1.0002,1.0002,571197.657098
2022-09-12 20:00:00+00:00,1.0003,1.0003,1.0002,1.0003,2081046.354121
2022-09-12 21:00:00+00:00,1.0003,1.0003,1.0002,1.0003,851686.94296
2022-09-12 22:00:00+00:00,1.0003,1.0003,1.0002,1.0003,151844.913894
2022-09-12 23:00:00+00:00,1.0003,1.0003,1.0002,1.0003,2396246.34002
2022-09-13 00:00:00+00:00,1.0003,1.0003,1.0002,1.0003,470926.326335
2022-09-13 01:00:00+00:00,1.0003,1.0003,1.0002,1.0003,239693.62978
2022-09-13 02:00:00+00:00,1.0003,1.0003,1.0002,1.0003,2667058.105464
2022-09-13 03:00:00+00:00,1.0003,1.0003,1.0002,1.0003,3708809.494665
2022-09-13 04:00:00+00:00,1.0003,1.0003,1.0002,1.0003,971440.581977
2022-09-13 05:00:00+00:00,1.0003,1.0003,1.0002,1.0003,544854.25995
2022-09-13 06:00:00+00:00,1.0003,1.0003,1.0002,1.0003,3434238.333953
2022-09-13 07:00:00+00:00,1.0003,1.0003,1.0002,1.0003,3282265.138149
2022-09-13 08:00:00+00:00,1.0003,1.0003,1.0002,1.0003,3054069.280332
2022-09-13 09:00:00+00:00,1.0003,1.0003,1.0002,1.0003,3468527.205682
2022-09-13 10:00:00+00:00,1.0003,1.0003,1.0002,1.0003,2723612.495595
2022-09-13 11:00:00+00:00,1.0003,1.0003,1.0002,1.0003,5022226.771105
2022-09-13 12:00:00+00:00,1.0003,1.0003,1.0002,1.0002,5058828.312181
2022-09-13 13:00:00+00:00,1.0002,1.0003,1.0002,1.0003,3789837.584738
2022-09-13 14:00:00+00:00,1.0003,1.0003,1.0001,1.0002,6438262.691878
2022-09-13 15:00:00+00:00,1.0002,1.0002,1.0001,1.0002,5349536.74805
2022-09-13 16:00:00+00:00,1.0002,1.0002,1.0,1.0001,3987606.407194
2022-09-13 17:00:00+00:00,1.0001,1.0001,1.0,1.0001,744009.103024
2022-09-13 18:00:00+00:00,1.0001,1.0001,1.0,1.0,696146.850564
2022-09-13 19:00:00+00:00,1.0,1.0001,1.0,1.0001,3947674.908447
2022-09-13 20:00:00+00:00,1.0001,1.0001,1.0,1.0001,912743.944283
2022-09-13 21:00:00+00:00,1.0001,1.0001,1.0,1.0001,6263663.27611
2022-09-13 22:00:00+00:00,1.0001,1.0001,1.0,1.0001,533991.477087
2022-09-13 23:00:00+00:00,1.0001,1.0001,1.0,1.0001,531589.02454
2022-09-14 00:00:00+00:00,1.0001,1.0001,1.0,1.0001,1305679.568058
2022-09-14 01:00:00+00:00,1.0001,1.0001,1.0,1.0001,3438481.283684
2022-09-14 02:00:00+00:00,1.0001,1.0001,1.0,1.0001,1487984.04634
2022-09-14 03:00:00+00:00,1.0001,1.0001,1.0,1.0001,3824829.013522
2022-09-14 04:00:00+00:00,1.0001,1.0001,1.0,1.0001,5261460.556866
2022-09-14 05:00:00+00:00,1.0001,1.0001,1.0,1.0001,980581.317229
2022-09-14 06:00:00+00:00,1.0001,1.0001,1.0,1.0001,658240.987571
2022-09-14 07:00:00+00:00,1.0001,1.0001,1.0,1.0001,4068611.847658
2022-09-14 08:00:00+00:00,1.0001,1.0001,1.0,1.0001,2464999.777411
2022-09-14 09:00:00+00:00,1.0001,1.0001,1.0,1.0001,5438774.678181
2022-09-14 10:00:00+00:00,1.0001,1.0001,1.0,1.0001,2406418.75236
2022-09-14 11:00:00+00:00,1.0001,1.0001,1.0,1.0001,2450459.426023
2022-09-14 12:00:00+00:00,1.0001,1.0001,1.0,1.0001,9038582.369974
2022-09-14 13:00:00+00:00,1.0001,1.0001,1.0,1.0001,1699026.712615
2022-09-14 14:00:00+00:00,1.0001,1.0001,1.0,1.0001,6878149.061143
2022-09-14 15:00:00+00:00,1.0001,1.0001,1.0,1.0001,10642275.327334
2022-09-14 16:00:00+00:00,1.0001,1.0002,1.0,1.0002,11336188.90329
2022-09-14 17:00:00+00:00,1.0002,1.0002,1.0001,1.0002,8750186.14498
2022-09-14 18:00:00+00:00,1.0002,1.0002,1.0001,1.0002,1891115.789017
2022-09-14 19:00:00+00:00,1.0002,1.0002,1.0001,1.0002,1773059.953213
2022-09-14 20:00:00+00:00,1.0002,1.0002,1.0001,1.0002,1121280.24459
2022-09-14 21:00:00+00:00,1.0002,1.0002,1.0001,1.0002,1501887.952178
2022-09-14 22:00:00+00:00,1.0002,1.0002,1.0001,1.0002,771971.843655
2022-09-14 23:00:00+00:00,1.0002,1.0002,1.0001,1.0002,281268.599114
2022-09-15 00:00:00+00:00,1.0002,1.0002,1.0001,1.0002,1934351.843096
2022-09-15 01:00:00+00:00,1.0002,1.0002,1.0001,1.0002,888432.863319
2022-09-15 02:00:00+00:00,1.0002,1.0002,1.0001,1.0002,940212.926631
2022-09-15 03:00:00+00:00,1.0002,1.0002,1.0001,1.0002,1197331.456334
2022-09-15 04:00:00+00:00,1.0002,1.0002,1.0001,1.0002,2367365.29396
2022-09-15 05:00:00+00:00,1.0002,1.0003,1.0001,1.0003,11407392.252102
2022-09-15 06:00:00+00:00,1.0003,1.0003,1.0002,1.0003,6565578.978514
2022-09-15 07:00:00+00:00,1.0003,1.0003,1.0002,1.0003,3222696.343798
2022-09-15 08:00:00+00:00,1.0003,1.0003,1.0002,1.0003,5125932.044834
2022-09-15 09:00:00+00:00,1.0003,1.0003,1.0002,1.0002,2778016.082846
2022-09-15 10:00:00+00:00,1.0002,1.0003,1.0002,1.0003,2910296.777911
2022-09-15 11:00:00+00:00,1.0003,1.0003,1.0001,1.0002,7407104.429844
2022-09-15 12:00:00+00:00,1.0002,1.0002,1.0001,1.0002,3490026.825291
2022-09-15 13:00:00+00:00,1.0002,1.0002,1.0001,1.0002,4738227.202587
2022-09-15 14:00:00+00:00,1.0002,1.0002,1.0,1.0001,8773524.390382
2022-09-15 15:00:00+00:00,1.0,1.0001,1.0,1.0001,4274435.041173
2022-09-15 16:00:00+00:00,1.0001,1.0001,1.0,1.0001,3960606.457836
2022-09-15 17:00:00+00:00,1.0001,1.0001,1.0,1.0001,1043073.256997
2022-09-15 18:00:00+00:00,1.0001,1.0001,0.9999,1.0,5330681.114873
2022-09-15 19:00:00+00:00,1.0,1.0,0.9999,1.0,794605.210007
2022-09-15 20:00:00+00:00,1.0,1.0,0.9999,1.0,1009888.369506
2022-09-15 21:00:00+00:00,1.0,1.0,0.9999,1.0,960855.599978
2022-09-15 22:00:00+00:00,1.0,1.0,0.9999,1.0,851954.511493
2022-09-15 23:00:00+00:00,1.0,1.0,0.9999,1.0,1083866.53906
2022-09-16 00:00:00+00:00,1.0,1.0,0.9999,1.0,509625.831096
2022-09-16 01:00:00+00:00,1.0,1.0,0.9999,1.0,492819.383382
2022-09-16 02:00:00+00:00,1.0,1.0,0.9999,1.0,1044468.707795
2022-09-16 03:00:00+00:00,1.0,1.0,0.9999,1.0,1465528.969794
2022-09-16 04:00:00+00:00,0.9999,1.0,0.9999,1.0,1200518.702299
2022-09-16 05:00:00+00:00,1.0,1.0,0.9999,1.0,711036.136948
2022-09-16 06:00:00+00:00,1.0,1.0,0.9999,1.0,1465114.064695
2022-09-16 07:00:00+00:00,1.0,1.0,0.9999,1.0,1123238.122302
2022-09-16 08:00:00+00:00,1.0,1.0,0.9999,1.0,2607295.126189
2022-09-16 09:00:00+00:00,1.0,1.0,0.9999,1.0,1594413.889436
2022-09-16 10:00:00+00:00,1.0,1.0,0.9999,1.0,2833964.808466
2022-09-16 11:00:00+00:00,1.0,1.0,0.9999,1.0,4385966.852005
2022-09-16 12:00:00+00:00,1.0,1.0,0.9999,1.0,1939783.032973
2022-09-16 13:00:00+00:00,1.0,1.0,0.9999,1.0,4848330.532695
2022-09-16 14:00:00+00:00,1.0,1.0,0.9999,1.0,8593722.781541
2022-09-16 15:00:00+00:00,1.0,1.0,0.9999,1.0,5377894.953838
2022-09-16 16:00:00+00:00,1.0,1.0,0.9999,1.0,1546817.257768
2022-09-16 17:00:00+00:00,1.0,1.0,0.9999,1.0,2181549.102771
2022-09-16 18:00:00+00:00,1.0,1.0,0.9999,1.0,3154550.473893
2022-09-16 19:00:00+00:00,1.0,1.0,0.9999,1.0,576178.295171
2022-09-16 20:00:00+00:00,1.0,1.0,0.9999,1.0,392493.264847
2022-09-16 21:00:00+00:00,1.0,1.0,0.9999,0.9999,1903785.118587
2022-09-16 22:00:00+00:00,0.9999,1.0,0.9999,1.0,592177.81756
2022-09-16 23:00:00+00:00,1.0,1.0,0.9999,1.0,499574.361915
2022-09-17 00:00:00+00:00,1.0,1.0,0.9999,1.0,417636.401603
2022-09-17 01:00:00+00:00,1.0,1.0,0.9999,1.0,3419014.468887
2022-09-17 02:00:00+00:00,1.0,1.0,0.9999,1.0,364785.262873
2022-09-17 03:00:00+00:00,1.0,1.0,0.9999,1.0,154033.399141
2022-09-17 04:00:00+00:00,1.0,1.0,0.9999,0.9999,163764.211538
2022-09-17 05:00:00+00:00,0.9999,1.0,0.9999,1.0,319831.474225
2022-09-17 06:00:00+00:00,1.0,1.0,0.9999,0.9999,825274.530605
2022-09-17 07:00:00+00:00,1.0,1.0,0.9999,1.0,871102.998824
2022-09-17 08:00:00+00:00,1.0,1.0,0.9999,1.0,275929.034016
2022-09-17 09:00:00+00:00,1.0,1.0,0.9999,1.0,1031470.321321
2022-09-17 10:00:00+00:00,1.0,1.0,0.9999,1.0,703234.283561
2022-09-17 11:00:00+00:00,1.0,1.0,0.9999,1.0,224984.372941
2022-09-17 12:00:00+00:00,1.0,1.0,0.9999,1.0,322375.913324
2022-09-17 13:00:00+00:00,1.0,1.0,0.9999,1.0,157182.505328
2022-09-17 14:00:00+00:00,1.0,1.0,0.9999,1.0,190908.077332
2022-09-17 15:00:00+00:00,1.0,1.0,0.9999,1.0,1342697.560503
2022-09-17 16:00:00+00:00,1.0,1.0,0.9999,1.0,324400.984795
2022-09-17 17:00:00+00:00,1.0,1.0,0.9999,1.0,416181.561472
2022-09-17 18:00:00+00:00,1.0,1.0,0.9999,1.0,315804.780161
2022-09-17 19:00:00+00:00,1.0,1.0,0.9999,1.0,138758.031082
2022-09-17 20:00:00+00:00,1.0,1.0,0.9999,1.0,150154.344568
2022-09-17 21:00:00+00:00,1.0,1.0,0.9999,1.0,756023.645441
2022-09-17 22:00:00+00:00,1.0,1.0,0.9999,1.0,142425.126677
2022-09-17 23:00:00+00:00,1.0,1.0,0.9999,1.0,222374.071525
2022-09-18 00:00:00+00:00,1.0,1.0,0.9999,1.0,9451006.697587
2022-09-18 01:00:00+00:00,1.0,1.0,0.9999,1.0,3224614.792743
2022-09-18 02:00:00+00:00,1.0,1.0,0.9999,1.0,267399.956174
2022-09-18 03:00:00+00:00,1.0,1.0,0.9999,1.0,692779.699485
2022-09-18 04:00:00+00:00,1.0,1.0,0.9999,1.0,355448.138735
2022-09-18 05:00:00+00:00,1.0,1.0,0.9999,1.0,659374.060648
2022-09-18 06:00:00+00:00,1.0,1.0,0.9999,1.0,262363.570869
2022-09-18 07:00:00+00:00,1.0,1.0,0.9999,1.0,1440448.418346
2022-09-18 08:00:00+00:00,1.0,1.0,0.9999,1.0,1373970.982008
2022-09-18 09:00:00+00:00,1.0,1.0001,0.9999,1.0001,927197.730604
2022-09-18 10:00:00+00:00,1.0001,1.0001,1.0,1.0001,948583.098671
2022-09-18 11:00:00+00:00,1.0001,1.0001,1.0,1.0001,118228.894965
2022-09-18 12:00:00+00:00,1.0001,1.0001,1.0,1.0001,353789.132691
2022-09-18 13:00:00+00:00,1.0001,1.0001,1.0,1.0001,1470329.616052
2022-09-18 14:00:00+00:00,1.0001,1.0001,1.0,1.0001,585887.044357
2022-09-18 15:00:00+00:00,1.0001,1.0001,1.0,1.0001,677116.832766
2022-09-18 16:00:00+00:00,1.0001,1.0001,1.0,1.0,9063322.969421
2022-09-18 17:00:00+00:00,1.0,1.0001,1.0,1.0001,2934111.395711
2022-09-18 18:00:00+00:00,1.0001,1.0001,1.0,1.0001,697781.253206
2022-09-18 19:00:00+00:00,1.0001,1.0001,1.0,1.0001,361236.697974
2022-09-18 20:00:00+00:00,1.0001,1.0001,1.0,1.0001,398703.723564
2022-09-18 21:00:00+00:00,1.0001,1.0001,1.0,1.0,1807296.602742
2022-09-18 22:00:00+00:00,1.0001,1.0001,1.0,1.0001,2265079.560913
2022-09-18 23:00:00+00:00,1.0001,1.0001,1.0,1.0001,1375807.820762
2022-09-19 00:00:00+00:00,1.0001,1.0001,1.0,1.0,531218.410387
2022-09-19 01:00:00+00:00,1.0001,1.0001,1.0,1.0001,651643.357385
2022-09-19 02:00:00+00:00,1.0001,1.0001,1.0,1.0001,5335593.904519
2022-09-19 03:00:00+00:00,1.0001,1.0001,1.0,1.0001,1841645.267471
2022-09-19 04:00:00+00:00,1.0001,1.0001,1.0,1.0001,2477764.534367
2022-09-19 05:00:00+00:00,1.0001,1.0001,1.0,1.0001,1451844.590234
2022-09-19 06:00:00+00:00,1.0001,1.0001,1.0,1.0001,1975069.449651
2022-09-19 07:00:00+00:00,1.0001,1.0001,1.0,1.0001,3564182.877449
2022-09-19 08:00:00+00:00,1.0001,1.0001,1.0,1.0001,2158417.100085
2022-09-19 09:00:00+00:00,1.0001,1.0001,1.0,1.0,4043092.880397
2022-09-19 10:00:00+00:00,1.0,1.0001,1.0,1.0001,2594723.570565
2022-09-19 11:00:00+00:00,1.0001,1.0001,1.0,1.0001,2833806.759666
2022-09-19 12:00:00+00:00,1.0001,1.0001,1.0,1.0001,2609749.447068
2022-09-19 13:00:00+00:00,1.0001,1.0001,1.0,1.0001,3299573.202559
2022-09-19 14:00:00+00:00,1.0001,1.0001,1.0,1.0001,2540131.857297
2022-09-19 15:00:00+00:00,1.0001,1.0001,1.0,1.0001,4963160.55003
2022-09-19 16:00:00+00:00,1.0001,1.0001,1.0,1.0001,1039896.175591
2022-09-19 17:00:00+00:00,1.0001,1.0001,1.0,1.0001,414084.022182
2022-09-19 18:00:00+00:00,1.0001,1.0001,1.0,1.0001,5826110.003301
2022-09-19 19:00:00+00:00,1.0001,1.0001,1.0,1.0001,9261023.441875
2022-09-19 20:00:00+00:00,1.0001,1.0001,1.0,1.0,3848456.694203
2022-09-19 21:00:00+00:00,1.0,1.0001,1.0,1.0,5820676.772317
2022-09-19 22:00:00+00:00,1.0001,1.0001,1.0,1.0001,1353138.536844
2022-09-19 23:00:00+00:00,1.0001,1.0001,1.0,1.0001,544128.836119
2022-09-20 00:00:00+00:00,1.0001,1.0001,1.0,1.0001,459312.468085
2022-09-20 01:00:00+00:00,1.0001,1.0001,1.0,1.0001,983579.794656
2022-09-20 02:00:00+00:00,1.0001,1.0001,1.0,1.0001,4722773.291977
2022-09-20 03:00:00+00:00,1.0001,1.0001,1.0,1.0001,708333.358236
2022-09-20 04:00:00+00:00,1.0001,1.0001,1.0,1.0001,1035725.086025
2022-09-20 05:00:00+00:00,1.0001,1.0001,1.0,1.0001,744080.455638
2022-09-20 06:00:00+00:00,1.0001,1.0001,1.0,1.0001,992338.024573
2022-09-20 07:00:00+00:00,1.0001,1.0001,1.0,1.0001,2655404.586521
2022-09-20 08:00:00+00:00,1.0001,1.0001,1.0,1.0001,2277948.825591
2022-09-20 09:00:00+00:00,1.0001,1.0001,1.0,1.0001,1219475.099187
2022-09-20 10:00:00+00:00,1.0001,1.0001,1.0,1.0001,1685300.459706
2022-09-20 11:00:00+00:00,1.0001,1.0001,1.0,1.0001,1158586.754518
2022-09-20 12:00:00+00:00,1.0001,1.0001,1.0,1.0001,1552299.396655
2022-09-20 13:00:00+00:00,1.0001,1.0001,1.0,1.0001,3308473.506856
2022-09-20 14:00:00+00:00,1.0001,1.0001,1.0,1.0001,881297.954138
2022-09-20 15:00:00+00:00,1.0001,1.0001,1.0,1.0001,4404873.050725
2022-09-20 16:00:00+00:00,1.0001,1.0001,1.0,1.0001,1706024.928592
2022-09-20 17:00:00+00:00,1.0001,1.0001,1.0,1.0,725301.705149
2022-09-20 18:00:00+00:00,1.0,1.0001,1.0,1.0001,2565778.805034
2022-09-20 19:00:00+00:00,1.0001,1.0001,1.0,1.0001,2423704.401953
2022-09-20 20:00:00+00:00,1.0001,1.0001,1.0,1.0001,8314627.697302
2022-09-20 21:00:00+00:00,1.0001,1.0001,1.0,1.0001,4196216.098269
2022-09-20 22:00:00+00:00,1.0001,1.0001,1.0,1.0001,3556153.127491
2022-09-20 23:00:00+00:00,1.0001,1.0001,1.0,1.0001,1074750.657818
2022-09-21 00:00:00+00:00,1.0001,1.0001,1.0,1.0001,307490.245079
2022-09-21 01:00:00+00:00,1.0001,1.0001,1.0,1.0001,214010.612551
2022-09-21 02:00:00+00:00,1.0001,1.0001,1.0,1.0001,1533861.13296
2022-09-21 03:00:00+00:00,1.0001,1.0001,1.0,1.0001,943370.548027
2022-09-21 04:00:00+00:00,1.0001,1.0001,1.0,1.0001,1744977.204181
2022-09-21 05:00:00+00:00,1.0001,1.0001,1.0,1.0001,962683.109395
2022-09-21 06:00:00+00:00,1.0001,1.0001,1.0,1.0001,963672.301194
2022-09-21 07:00:00+00:00,1.0001,1.0001,1.0,1.0001,2372541.152197
2022-09-21 08:00:00+00:00,1.0001,1.0001,1.0,1.0001,6269825.443917
2022-09-21 09:00:00+00:00,1.0001,1.0001,1.0,1.0001,1196666.753806
2022-09-21 10:00:00+00:00,1.0001,1.0001,1.0,1.0001,1822200.709826
2022-09-21 11:00:00+00:00,1.0001,1.0001,1.0,1.0001,6333174.973388
2022-09-21 12:00:00+00:00,1.0001,1.0001,1.0,1.0001,7634286.985223
2022-09-21 13:00:00+00:00,1.0001,1.0001,1.0,1.0001,2165663.206226
2022-09-21 14:00:00+00:00,1.0001,1.0001,1.0,1.0001,1912597.917101
2022-09-21 15:00:00+00:00,1.0001,1.0001,1.0,1.0001,2419530.197128
2022-09-21 16:00:00+00:00,1.0,1.0001,1.0,1.0001,3936303.927169
2022-09-21 17:00:00+00:00,1.0001,1.0001,1.0,1.0001,1362777.568264
2022-09-21 18:00:00+00:00,1.0,1.0001,1.0,1.0,3962926.315987
2022-09-21 19:00:00+00:00,1.0,1.0001,1.0,1.0001,1150556.735406
2022-09-21 20:00:00+00:00,1.0001,1.0001,1.0,1.0001,6670588.155499
2022-09-21 21:00:00+00:00,1.0001,1.0001,1.0,1.0001,1183928.783039
2022-09-21 22:00:00+00:00,1.0001,1.0001,1.0,1.0,2850355.553057
2022-09-21 23:00:00+00:00,1.0001,1.0001,1.0,1.0001,738875.920754
2022-09-22 00:00:00+00:00,1.0001,1.0001,1.0,1.0001,163848.13077
2022-09-22 01:00:00+00:00,1.0001,1.0001,1.0,1.0001,876871.633608
2022-09-22 02:00:00+00:00,1.0001,1.0001,1.0,1.0001,1767865.983779
2022-09-22 03:00:00+00:00,1.0001,1.0001,1.0,1.0001,678448.592414
2022-09-22 04:00:00+00:00,1.0001,1.0001,1.0,1.0001,2374454.856571
2022-09-22 05:00:00+00:00,1.0001,1.0001,1.0,1.0001,1810529.073013
2022-09-22 06:00:00+00:00,1.0001,1.0001,1.0,1.0001,1107186.991427
2022-09-22 07:00:00+00:00,1.0001,1.0001,1.0,1.0001,2593690.694395
2022-09-22 08:00:00+00:00,1.0001,1.0001,1.0,1.0001,4133914.051399
2022-09-22 09:00:00+00:00,1.0001,1.0001,1.0,1.0001,3901844.119361
2022-09-22 10:00:00+00:00,1.0001,1.0001,1.0,1.0001,5142034.75303
2022-09-22 11:00:00+00:00,1.0001,1.0001,1.0,1.0001,5674222.402713
2022-09-22 12:00:00+00:00,1.0001,1.0001,1.0,1.0001,2776585.584255
2022-09-22 13:00:00+00:00,1.0001,1.0001,1.0,1.0,1343149.042589
2022-09-22 14:00:00+00:00,1.0,1.0001,1.0,1.0001,2615771.778205
2022-09-22 15:00:00+00:00,1.0001,1.0001,1.0,1.0001,1454909.163402
2022-09-22 16:00:00+00:00,1.0001,1.0001,1.0,1.0001,1452594.660629
2022-09-22 17:00:00+00:00,1.0001,1.0001,1.0,1.0001,753251.566144
2022-09-22 18:00:00+00:00,1.0,1.0001,1.0,1.0001,3132895.967572
2022-09-22 19:00:00+00:00,1.0001,1.0001,1.0,1.0001,1237196.5646
2022-09-22 20:00:00+00:00,1.0001,1.0001,1.0,1.0001,650242.996227
2022-09-22 21:00:00+00:00,1.0001,1.0001,1.0,1.0001,205075.378177
2022-09-22 22:00:00+00:00,1.0001,1.0001,1.0,1.0001,168172.84036
2022-09-22 23:00:00+00:00,1.0001,1.0001,1.0,1.0001,430485.515434
2022-09-23 00:00:00+00:00,1.0001,1.0001,1.0,1.0001,139947.030114
2022-09-23 01:00:00+00:00,1.0001,1.0001,1.0,1.0001,161931.780869
2022-09-23 02:00:00+00:00,1.0001,1.0001,1.0,1.0001,322517.017517
2022-09-23 03:00:00+00:00,1.0001,1.0001,1.0,1.0001,1258708.848021
2022-09-23 04:00:00+00:00,1.0001,1.0001,1.0,1.0001,432266.36735
2022-09-23 05:00:00+00:00,1.0001,1.0001,1.0,1.0001,1258193.938777
2022-09-23 06:00:00+00:00,1.0001,1.0001,1.0,1.0,2008887.838826
2022-09-23 07:00:00+00:00,1.0,1.0001,1.0,1.0001,5002673.879645
2022-09-23 08:00:00+00:00,1.0001,1.0001,1.0,1.0001,4020062.453872
2022-09-23 09:00:00+00:00,1.0001,1.0001,1.0,1.0001,6190310.510775
2022-09-23 10:00:00+00:00,1.0001,1.0001,1.0,1.0001,4833223.743065
2022-09-23 11:00:00+00:00,1.0001,1.0001,1.0,1.0001,2895646.755127
2022-09-23 12:00:00+00:00,1.0001,1.0001,1.0,1.0001,4909964.906364
2022-09-23 13:00:00+00:00,1.0001,1.0001,1.0,1.0001,4443176.73136
2022-09-23 14:00:00+00:00,1.0001,1.0001,1.0,1.0001,3294586.682027
2022-09-23 15:00:00+00:00,1.0001,1.0001,1.0,1.0001,2242900.691547
2022-09-23 16:00:00+00:00,1.0001,1.0001,1.0,1.0001,2133024.090912
2022-09-23 17:00:00+00:00,1.0001,1.0001,1.0,1.0001,2046441.30867
2022-09-23 18:00:00+00:00,1.0001,1.0001,1.0,1.0001,3134154.09714
2022-09-23 19:00:00+00:00,1.0001,1.0001,1.0,1.0001,741223.233208
2022-09-23 20:00:00+00:00,1.0001,1.0001,0.9999,0.9999,4983915.616258
2022-09-23 21:00:00+00:00,0.9999,1.0,0.9999,1.0,892103.508753
2022-09-23 22:00:00+00:00,1.0,1.0,0.9999,1.0,496629.781025
2022-09-23 23:00:00+00:00,1.0,1.0,0.9999,1.0,213117.448516
2022-09-24 00:00:00+00:00,1.0,1.0,0.9999,1.0,182683.613743
2022-09-24 01:00:00+00:00,1.0,1.0,0.9999,1.0,236054.669779
2022-09-24 02:00:00+00:00,1.0,1.0,0.9999,1.0,1471710.62473
2022-09-24 03:00:00+00:00,1.0,1.0,0.9999,1.0,103214.78541
2022-09-24 04:00:00+00:00,1.0,1.0,0.9999,1.0,333835.028349
2022-09-24 05:00:00+00:00,1.0,1.0,0.9999,1.0,91114.58757
2022-09-24 06:00:00+00:00,1.0,1.0,0.9999,1.0,199537.545875
2022-09-24 07:00:00+00:00,1.0,1.0,0.9999,1.0,455347.313471
2022-09-24 08:00:00+00:00,1.0,1.0,0.9999,0.9999,665938.536185
2022-09-24 09:00:00+00:00,0.9999,1.0,0.9999,1.0,139304.643469
2022-09-24 10:00:00+00:00,1.0,1.0,0.9999,1.0,243120.968685
2022-09-24 11:00:00+00:00,1.0,1.0,0.9999,1.0,435146.090066
2022-09-24 12:00:00+00:00,1.0,1.0,0.9999,1.0,432934.547093
2022-09-24 13:00:00+00:00,1.0,1.0,0.9999,1.0,381256.416704
2022-09-24 14:00:00+00:00,1.0,1.0,0.9999,1.0,202166.47697
2022-09-24 15:00:00+00:00,1.0,1.0,0.9999,1.0,213571.038238
2022-09-24 16:00:00+00:00,1.0,1.0,0.9999,1.0,402529.645628
2022-09-24 17:00:00+00:00,1.0,1.0,0.9999,1.0,498727.300345
2022-09-24 18:00:00+00:00,1.0,1.0,0.9999,1.0,1589636.111073
2022-09-24 19:00:00+00:00,1.0,1.0,0.9999,1.0,649276.664757
2022-09-24 20:00:00+00:00,1.0,1.0,0.9999,0.9999,122545.338958
2022-09-24 21:00:00+00:00,0.9999,1.0,0.9999,1.0,183567.599126
2022-09-24 22:00:00+00:00,1.0,1.0,0.9999,1.0,173666.517036
2022-09-24 23:00:00+00:00,1.0,1.0,0.9999,1.0,257405.502924
2022-09-25 00:00:00+00:00,1.0,1.0,0.9999,1.0,693800.439519
2022-09-25 01:00:00+00:00,1.0,1.0,0.9999,1.0,49794.021195
2022-09-25 02:00:00+00:00,1.0,1.0,0.9999,1.0,246644.057885
2022-09-25 03:00:00+00:00,1.0,1.0,0.9999,1.0,123556.686152
2022-09-25 04:00:00+00:00,1.0,1.0,0.9999,1.0,270752.898216
2022-09-25 05:00:00+00:00,1.0,1.0,0.9999,1.0,109787.480277
2022-09-25 06:00:00+00:00,1.0,1.0,0.9999,1.0,312602.748486
2022-09-25 07:00:00+00:00,1.0,1.0,0.9999,1.0,856311.827821
2022-09-25 08:00:00+00:00,1.0,1.0,0.9999,1.0,328885.517388
2022-09-25 09:00:00+00:00,1.0,1.0,0.9999,1.0,482045.091136
2022-09-25 10:00:00+00:00,1.0,1.0,0.9999,1.0,236773.467453
2022-09-25 11:00:00+00:00,1.0,1.0,0.9999,1.0,746755.088844
2022-09-25 12:00:00+00:00,1.0,1.0,0.9999,1.0,470063.946716
2022-09-25 13:00:00+00:00,1.0,1.0,0.9999,1.0,444590.827822
2022-09-25 14:00:00+00:00,1.0,1.0,0.9999,1.0,637954.820226
2022-09-25 15:00:00+00:00,1.0,1.0,0.9999,0.9999,1263399.929356
2022-09-25 16:00:00+00:00,0.9999,1.0,0.9999,1.0,379636.140245
2022-09-25 17:00:00+00:00,1.0,1.0,0.9999,1.0,353022.014951
2022-09-25 18:00:00+00:00,1.0,1.0,0.9999,1.0,816550.619087
2022-09-25 19:00:00+00:00,1.0,1.0,0.9999,1.0,3223483.407555
2022-09-25 20:00:00+00:00,1.0,1.0,0.9999,1.0,156130.48386
2022-09-25 21:00:00+00:00,1.0,1.0,0.9999,1.0,395109.095367
2022-09-25 22:00:00+00:00,1.0,1.0,0.9999,1.0,236292.861369
2022-09-25 23:00:00+00:00,1.0,1.0,0.9999,1.0,140340.775529
2022-09-26 00:00:00+00:00,1.0,1.0,0.9999,1.0,165125.097126
2022-09-26 01:00:00+00:00,1.0,1.0,0.9999,1.0,239593.872035
2022-09-26 02:00:00+00:00,1.0,1.0,0.9999,1.0,90728.157211
2022-09-26 03:00:00+00:00,1.0,1.0,0.9999,1.0,672361.367092
2022-09-26 04:00:00+00:00,1.0,1.0,0.9999,0.9999,1369442.9115
2022-09-26 05:00:00+00:00,0.9999,1.0,0.9999,1.0,2585850.631597
2022-09-26 06:00:00+00:00,1.0,1.0,0.9999,1.0,3254335.032777
2022-09-26 07:00:00+00:00,1.0,1.0,0.9999,1.0,2620942.953826
2022-09-26 08:00:00+00:00,1.0,1.0,0.9999,1.0,1934316.531693
2022-09-26 09:00:00+00:00,1.0,1.0,0.9999,1.0,13619477.137178
2022-09-26 10:00:00+00:00,1.0,1.0,0.9999,1.0,9265839.074584
2022-09-26 11:00:00+00:00,1.0,1.0,0.9999,1.0,2949025.286215
2022-09-26 12:00:00+00:00,1.0,1.0,0.9999,1.0,3030413.189997
2022-09-26 13:00:00+00:00,1.0,1.0,0.9999,1.0,4436847.1323
2022-09-26 14:00:00+00:00,1.0,1.0,0.9999,1.0,1663653.71532
2022-09-26 15:00:00+00:00,1.0,1.0,0.9996,1.0,33357201.13125
2022-09-26 16:00:00+00:00,1.0,1.0,0.9999,1.0,1808955.925216
2022-09-26 17:00:00+00:00,1.0,1.0,0.9999,1.0,912929.662026
2022-09-26 18:00:00+00:00,1.0,1.0,0.9999,1.0,2358616.302785
2022-09-26 19:00:00+00:00,1.0,1.0,0.9999,1.0,781830.157722
2022-09-26 20:00:00+00:00,1.0,1.0,0.9999,1.0,483850.097436
2022-09-26 21:00:00+00:00,1.0,1.0,0.9999,1.0,345781.76951
2022-09-26 22:00:00+00:00,1.0,1.0,0.9999,1.0,1555901.814394
2022-09-26 23:00:00+00:00,1.0,1.0,0.9999,1.0,677038.663391
2022-09-27 00:00:00+00:00,1.0,1.0,0.9999,1.0,233357.927221
2022-09-27 01:00:00+00:00,1.0,1.0,0.9999,1.0,551386.499943
2022-09-27 02:00:00+00:00,1.0,1.0,0.9999,0.9999,811251.952407
2022-09-27 03:00:00+00:00,0.9999,1.0,0.9999,1.0,2273900.776483
2022-09-27 04:00:00+00:00,1.0,1.0,0.9999,1.0,1931276.988224
2022-09-27 05:00:00+00:00,1.0,1.0,0.9999,1.0,1304977.40338
2022-09-27 06:00:00+00:00,1.0,1.0,0.9999,1.0,6830055.159529
2022-09-27 07:00:00+00:00,1.0,1.0,0.9999,1.0,2856504.980912
2022-09-27 08:00:00+00:00,1.0,1.0,0.9999,1.0,2910539.854021
2022-09-27 09:00:00+00:00,1.0,1.0,0.9998,0.9999,8445287.321529
2022-09-27 10:00:00+00:00,0.9999,0.9999,0.9998,0.9999,3254585.264137
2022-09-27 11:00:00+00:00,0.9999,0.9999,0.9998,0.9999,2744290.646158
2022-09-27 12:00:00+00:00,0.9999,0.9999,0.9998,0.9999,2614449.692784
2022-09-27 13:00:00+00:00,0.9999,0.9999,0.9998,0.9999,930674.688054
2022-09-27 14:00:00+00:00,0.9999,0.9999,0.9998,0.9999,5765364.915132
2022-09-27 15:00:00+00:00,0.9999,0.9999,0.9998,0.9999,3604063.194433
2022-09-27 16:00:00+00:00,0.9999,0.9999,0.9998,0.9999,8013794.686407
2022-09-27 17:00:00+00:00,0.9999,0.9999,0.9998,0.9999,2309967.216321
2022-09-27 18:00:00+00:00,0.9999,0.9999,0.9998,0.9999,6258768.881307
2022-09-27 19:00:00+00:00,0.9999,0.9999,0.9998,0.9999,1147145.185705
2022-09-27 20:00:00+00:00,0.9999,0.9999,0.9998,0.9999,1595546.797502
2022-09-27 21:00:00+00:00,0.9999,0.9999,0.9998,0.9999,1564322.7822
2022-09-27 22:00:00+00:00,0.9999,0.9999,0.9998,0.9999,617409.349954
2022-09-27 23:00:00+00:00,0.9999,0.9999,0.9998,0.9999,406919.035753
2022-09-28 00:00:00+00:00,0.9999,0.9999,0.9998,0.9999,250522.542299
2022-09-28 01:00:00+00:00,0.9999,0.9999,0.9998,0.9999,828212.287459
2022-09-28 02:00:00+00:00,0.9999,0.9999,0.9998,0.9998,5481975.795723
